0.000000000,0,0,0,0,0,0,0,0,0,0,0,0,0,0,0,0,0,0,0,0
0.021333333,-11.407,0.692197,0.416119,0.0780739,-0.231993,0.0143989,0.168323,-0.135538,0.103746,0.364089,0.00397357,-0.503624,-0.0310361,0.155654,-0.280031,0.42737,0.02771,0.100888,0.467042,-0.0899253
0.042666666,-5.42921,1.17639,0.205872,0.238418,-0.0900628,0.219083,0.501063,0.348806,0.351737,0.342995,-0.194676,-0.388523,-0.0433242,-0.0808577,-0.13719,0.261566,-0.249725,-0.0112242,0.389624,-0.142685
0.064000000,-5.65507,1.14554,0.435976,0.455238,0.0332002,0.259804,0.269676,0.24707,0.298921,0.2168,-0.0482803,-0.412977,-0.142594,0.0646209,0.263281,0.142833,0.0928777,0.198633,0.244635,0.0295959
0.085333333,-6.27498,1.11042,0.897538,0.807362,-0.0541084,0.0926863,0.57153,0.177098,0.383678,0.286204,-0.197152,-0.263199,-0.0786739,-0.0329063,0.0420978,0.0343359,-0.0588502,0.0615578,0.191303,0.0454972
0.106666666,-6.4751,1.55372,0.951212,0.524021,0.340547,0.280945,0.365424,0.191412,0.174443,0.0437218,-0.171152,-0.0425475,0.158619,0.144633,0.0868789,-0.0359108,-0.0885397,-0.0166609,0.138081,0.170873
0.128000000,-5.91178,1.20789,0.591799,0.855151,0.17603,0.193078,0.456518,0.571693,0.323135,0.168982,0.0246005,-0.253306,-0.239271,0.00661916,-0.186048,0.251823,0.211553,0.0556535,0.268745,0.277728
0.149333333,-4.53527,0.867432,0.510921,0.587753,0.523576,0.253034,0.139489,-0.130932,-0.0843906,0.525307,0.269037,0.0543952,0.14129,0.0659177,0.436204,0.175213,0.108151,-0.160373,-0.226667,0.289067
0.170666666,-5.44808,1.08217,0.078433,0.728421,-0.0401941,0.165851,0.174845,0.0448576,-0.237673,0.186701,0.486869,0.358547,0.0795043,0.247884,0.229443,0.106617,0.115614,-0.0801645,0.165411,0.29611
0.192000000,-5.17745,0.889199,0.328885,0.699063,-0.280353,0.0753035,0.323677,0.0408637,0.120712,0.107228,0.0282166,-0.0599038,-0.230688,0.0891845,0.0389053,0.0601383,0.16119,0.033928,0.36457,0.138124
0.213333333,-5.33386,0.98105,0.0400454,0.890112,-0.288915,0.0573895,0.0297103,-0.127834,-0.0223322,0.145701,0.000815372,-0.146102,-0.0215406,0.128631,0.0887287,0.165087,-0.22197,-0.344576,0.223897,0.302679
0.234666666,-5.42418,1.02487,0.315588,0.735734,-0.319824,-0.0437387,0.0564115,0.0987752,0.0691184,0.033334,-0.16194,-0.271471,0.209932,0.107924,-0.162854,-0.0345025,0.00670975,0.0746211,-0.0242067,-0.0186861
0.256000000,-5.72785,1.0965,0.301432,0.909646,0.0308211,0.159307,0.216022,0.163412,-0.0296293,0.229509,0.167851,-0.340175,-0.233955,0.0333436,-0.0346136,-0.00021111,0.107127,0.157097,0.360064,-0.0510441
0.277333333,-5.57221,1.08969,0.184249,1.10796,0.369518,0.344617,-0.148757,-0.0113784,-0.168102,0.09149,0.24272,0.0241491,0.0378544,0.149802,0.154511,-0.038027,-0.179849,0.0654759,0.344604,0.0891601
0.298666666,-5.77203,0.910515,0.500423,1.22021,0.177218,0.0138391,-0.288058,-0.00797019,-0.326837,0.05438,0.165348,-0.309375,0.0397484,0.128696,0.187458,0.0309096,0.00180703,0.0159898,0.227347,0.0592462
0.320000000,-5.44278,1.02712,0.157479,0.980464,-0.0574693,0.120695,-0.00652231,-0.0429599,0.0191503,-0.023289,0.0183406,-0.272197,-0.0259773,0.162764,0.26271,0.419795,0.0532643,-0.0423912,0.0791131,-0.0266858
0.341333333,-5.87458,1.12483,0.42419,0.981398,0.0793207,0.0742501,0.281457,-0.0108298,-0.123239,0.141967,-0.0578912,-0.433852,0.159638,0.0118742,0.0303154,0.0819081,-0.0200201,0.0482022,0.0701494,-0.00936095
0.362666666,-5.13732,1.13888,0.0952442,0.877547,-0.116719,0.284851,0.198235,0.153075,0.0987835,0.0606641,0.264938,-0.185187,0.0750895,0.147791,0.110272,0.215406,0.139932,0.0231513,0.262435,0.166121
0.384000000,-5.32298,1.25511,0.255852,0.897601,-0.0604382,0.0302346,0.0165131,0.330496,0.284149,0.241136,0.0972264,-0.307761,-0.0985263,-0.143695,-0.12522,0.239369,0.291992,0.00529328,0.133721,-0.0741783
0.405333333,-5.6285,1.08068,0.517013,0.916354,0.221281,0.125303,0.265552,0.0267992,0.251348,0.357428,0.293522,-0.219174,-0.0329978,-0.125116,-0.0519548,0.186401,0.189569,0.200229,0.182479,-0.229627
0.426666666,-6.13283,1.02497,1.01299,1.18364,0.344981,-0.230355,0.045557,0.0779898,0.323239,0.23495,-0.0243678,-0.103161,-0.0333881,0.104299,0.0577224,0.0134189,-0.0641017,0.165624,0.262046,-0.319457
0.448000000,-6.48298,1.41074,0.983173,0.766495,0.694361,0.257168,0.321344,-0.112984,0.0914837,0.465452,0.115424,0.023459,-0.188091,0.0885368,0.233253,0.067691,-0.0488648,0.0493415,0.0700732,-0.126726
0.469333333,-5.49281,1.36844,0.529148,0.732136,0.244235,0.148487,0.226939,0.0789194,0.317202,0.20749,0.0984879,0.00401608,-0.134447,-0.0891243,-0.149687,0.227368,-0.0551619,0.118108,0.195843,0.103712
0.490666666,-4.74437,0.762154,0.470069,0.577064,-0.00280413,0.143747,0.185908,0.186871,-0.0671461,-0.0576958,0.188148,-0.0617117,0.132031,0.0821563,0.250756,0.148175,0.0647975,0.0872517,-0.00964508,0.167839
0.512000000,-5.33001,0.918678,0.693449,1.03304,0.0724059,0.194513,0.149693,0.227347,0.250171,0.183321,0.121516,-0.177439,-0.000305593,0.107994,0.211915,0.340759,0.373432,0.213478,0.360036,0.0706555
0.533333333,-5.69961,0.826513,-0.00936218,1.2772,0.166052,-0.175622,-0.0135329,0.0874253,-0.037282,0.14756,0.158738,-0.23206,-0.356671,-0.0541878,-0.230254,0.280163,-0.0534885,-0.0736108,0.276123,-0.018085
0.554666666,-5.11992,1.05549,-0.0623713,0.697214,0.223504,0.414788,-0.0385064,-0.0735247,0.00285449,0.122451,0.234659,-0.188934,-0.00334264,-0.157696,-0.159918,0.156933,0.185501,0.267319,0.270498,-0.0227932
0.576000000,-5.046,1.24584,-0.153574,0.97903,0.172156,0.150142,-0.0588004,-0.0746708,0.168135,0.245437,0.166967,-0.352777,0.0388388,0.160489,-0.104512,0.112208,0.0631352,0.234985,0.0105782,-0.048122
0.597333333,-5.232,1.24853,0.349067,1.03878,0.190058,0.141576,-0.10204,0.0721168,0.00653435,0.0291104,0.140736,0.100499,-0.0531445,0.0911277,0.0969108,0.13433,0.0640578,0.16816,0.189703,-0.0201668
0.618666666,-5.36197,1.2993,0.540572,1.11785,0.00613167,0.235348,0.0473597,0.125807,0.0458637,-0.0458161,0.0423706,-0.150083,0.176499,0.0271906,-0.22491,0.14299,0.186489,-0.00952817,0.19898,0.239162
0.640000000,-5.337,0.74943,-0.0289482,1.13258,0.0734633,-0.0245884,0.23346,0.0765695,0.0559074,0.29975,0.142406,0.118455,0.220394,0.103502,-0.183377,-0.0618769,0.0138166,-0.0650222,-0.0188887,-0.0921293
0.661333333,-5.30196,0.843056,-0.162824,0.749265,-0.102652,0.222142,0.0475355,0.189556,0.232049,0.143996,0.246034,0.0302234,0.151328,0.192571,0.0445879,0.282087,0.150832,0.235255,0.18448,-0.00824315
0.682666666,-5.13434,1.10301,0.105071,0.628513,0.180936,0.331532,0.145334,0.000124723,-0.0933417,0.251567,0.0395653,-0.231073,-0.0667661,0.041192,0.00630577,0.216464,0.224674,0.196521,0.191612,0.312846
0.704000000,-5.21448,0.759535,0.209654,0.405471,-0.389054,0.305684,0.265886,0.103305,0.154742,0.260825,0.241026,-0.197021,-0.140452,0.12159,0.539984,0.321291,-0.187297,0.112748,0.28971,0.252424
0.725333333,-4.6222,0.535442,0.821794,0.536792,0.0597337,0.524351,0.304785,-0.177718,0.13585,0.382804,0.249661,-0.011197,0.204408,-0.22275,0.121699,-0.0629462,0.0191944,0.0308288,0.210269,0.19215
0.746666666,-5.98699,1.48747,0.696669,0.818756,0.187464,0.311285,0.363443,0.276918,0.182071,0.399943,0.439166,-0.0372061,-0.0238113,-0.180684,-0.167196,0.291805,0.34362,0.159353,0.179388,0.119959
0.768000000,-6.68812,1.60186,0.584645,1.12047,0.353222,0.154727,0.140155,0.453933,0.530994,0.387228,-0.0887679,-0.12686,-0.133083,0.0771415,0.180608,0.196294,-0.0650312,0.0479438,0.338794,0.20167
0.789333333,-6.36203,1.23141,0.455005,1.17812,0.441273,0.191256,0.0877947,0.557794,0.254098,-0.00889147,0.57235,0.45078,0.179462,0.221524,-0.130172,0.284884,-0.133293,0.0522746,0.370766,-0.0629954
0.810666666,-5.18078,1.23265,0.198282,1.10143,0.327687,-0.137914,-0.404267,0.217408,0.200692,-0.330255,0.00172887,0.176267,0.0433747,0.0637304,0.176754,0.444373,0.179011,-0.0120779,0.0931236,0.0155989
0.832000000,-3.88289,1.34996,0.0095918,0.178992,0.0920078,-0.524992,-0.0514782,0.0676565,0.00350828,0.0884556,0.282322,0.353658,0.51806,-0.0770117,-0.125704,0.139335,0.0335832,0.062532,0.121973,0.0158206
0.853333333,-4.55938,1.34984,-0.484867,0.489099,0.208177,-0.212148,-0.477145,0.09236,0.267869,0.046837,-0.00872523,-0.0935973,0.335237,0.218316,-0.201782,-0.0025698,0.282443,-0.106549,-0.407835,-0.224921
0.874666666,-4.40489,1.30014,-0.271899,0.378839,0.354671,0.246624,-0.446901,-0.162992,0.177572,0.286211,-0.0131455,-0.379038,0.240335,-0.0261457,-0.280368,0.327845,0.225442,0.0564954,0.2429,-0.07307
0.896000000,-4.33917,1.62513,-0.575043,0.317137,0.557433,0.113155,-0.339642,-0.0343782,0.349503,0.524834,0.330906,-0.106801,0.129917,0.356729,0.179744,0.0661878,0.0576995,0.241542,0.0978183,-0.0308482
0.917333333,-4.17616,1.36896,-0.112496,0.510558,0.445053,0.104511,-0.10743,-0.0845537,0.146135,0.189002,0.0248655,-0.221509,0.159834,0.203284,-0.025643,0.01371,0.110851,0.00943226,0.0416193,-0.160321
0.938666666,-3.66141,1.68965,-0.42672,-0.148003,0.192094,-0.0499845,-0.0491678,-0.0730297,0.256348,0.13108,-0.356211,-0.197563,0.0722387,0.139894,-0.113896,-0.109469,0.115373,0.197371,0.141125,-0.150665
0.960000000,-4.33453,1.41743,-0.663276,-0.241914,-0.0171578,0.061007,0.177425,0.198517,0.247606,0.0528481,-0.388593,-0.336428,-0.120772,-0.00740724,-0.17865,0.231413,0.205186,-0.0396995,0.0805373,0.135749
0.981333333,-4.21987,1.54403,-0.516608,-0.227888,-0.0826118,-0.0974438,0.114246,0.227906,0.269662,0.11424,-0.0324216,-0.0756746,0.0692879,0.198599,-0.227158,0.00536349,0.329927,-0.170453,-0.0508695,-0.0915188
1.002666666,-4.39174,1.37315,-0.453788,-0.00780641,0.00728616,0.225166,-0.00869468,0.201426,0.131143,0.154412,0.0390621,-0.0982233,-0.0225421,-0.0866921,-0.246249,0.0985184,0.0271027,-0.149795,-0.0394128,0.0524017
1.024000000,-4.41377,1.57169,-0.246002,-0.269826,-0.224325,0.417745,0.300558,0.255658,0.227888,0.122841,0.0178827,-0.354691,-0.148762,0.14066,0.0804094,0.10755,-0.0525246,0.126189,0.158761,-0.0320673
1.045333333,-4.2853,1.01981,0.133729,0.0774291,0.231131,0.570984,0.392878,0.218159,0.343868,0.558781,-0.075156,-0.409426,-0.0646408,0.257514,-0.0419757,0.181219,-0.00652199,0.0124803,-0.0456298,0.255468
1.066666666,-4.57276,1.64747,-0.225398,0.203689,0.253505,0.354056,0.0803757,0.307153,0.358974,0.414517,0.187563,-0.215179,-0.074083,0.242705,-0.100825,0.0414361,0.0683026,-0.0514089,0.0491536,0.0954817
1.088000000,-4.62537,1.66764,-0.528212,0.404668,0.092352,0.521397,0.166182,0.255034,0.245543,0.174155,-0.355207,-0.414498,0.0371804,0.156031,-0.0906486,0.105936,0.174972,0.0815396,-0.238663,-0.0870363
1.109333333,-4.72761,1.48613,-0.588019,0.364018,0.0885455,0.351029,0.08754,0.116216,0.319862,0.0825464,-0.0930552,-0.0366152,0.0433492,-0.0211692,-0.238321,-0.0292417,-0.0997088,0.0434095,0.0210165,0.164417
1.130666666,-4.65479,1.62754,-0.599461,0.414962,0.185865,0.581977,0.0694249,0.268298,0.30773,0.0828721,-0.21383,-0.353037,0.264551,0.189482,-0.16653,0.188509,0.273685,0.302033,-0.220512,0.136015
1.152000000,-4.83865,1.38899,-0.73438,0.0388454,-0.0642517,0.529947,0.0291969,0.077254,0.325963,0.259926,-0.243305,-0.184108,0.133532,0.261279,0.117279,0.122308,0.222448,0.149731,-0.0434301,0.0835201
1.173333333,-4.76458,1.38971,-0.464952,0.139633,0.324764,0.603542,0.270589,0.338552,0.196029,0.232604,-0.023553,-0.382078,0.0349712,0.024032,-0.0400338,0.0463475,0.376835,0.256967,0.217563,0.323604
1.194666666,-4.41062,1.53388,-0.525748,0.0842404,-0.0639342,0.37225,-0.144917,0.156442,0.223555,0.172164,-0.146222,-0.308476,0.0217763,-0.0448111,-0.208509,0.150264,0.14385,-0.119807,-0.0245592,0.213836
1.216000000,-4.48256,1.38723,-0.572035,-0.059465,-0.0773224,0.397371,0.25165,-0.109221,-0.102636,0.0322638,0.131618,-0.49751,-0.0582658,0.0463165,-0.0863113,-0.118219,-0.132906,0.110409,0.0129271,0.275539
1.237333333,-4.46921,1.67535,-0.325468,-0.0580482,0.0159796,0.511213,-0.0416242,0.0973503,-0.0801852,-0.00321157,0.0367811,-0.132953,0.331354,0.190388,0.0810059,0.157679,0.0167609,0.00169684,-0.147404,0.0885788
1.258666666,-4.07458,1.43006,-0.371075,-0.191988,-0.0168311,0.610214,0.0500172,0.0308572,-0.0298313,0.25734,-0.0712149,-0.281918,-0.0210974,-0.156101,-0.100443,-0.0955942,-0.145311,-0.128782,-0.0462806,0.0346722
1.280000000,-4.43896,1.29396,0.122603,0.179251,0.412839,0.54707,0.363712,0.028262,0.0912331,0.347387,0.1036,0.0208935,0.25718,0.36372,0.407004,0.203887,0.320583,-0.012914,0.148097,0.125196
1.301333333,-4.67481,1.35585,-0.469987,-0.047321,-0.161527,0.693995,0.47642,0.0284682,0.065788,0.18778,0.0558224,-0.0873573,-0.0228267,0.0560611,0.023218,0.00368761,-0.126976,0.0294398,0.110059,0.292743
1.322666666,-4.32569,1.1932,-0.416978,-0.197889,-0.114055,0.388936,-0.127881,0.0120702,0.0355004,0.0405971,0.0688023,0.0380248,-0.0388759,-0.110769,-0.0548078,-0.0831097,-0.175406,0.0710241,0.0459585,0.346401
1.344000000,-4.58018,1.04041,-0.129272,-0.133981,-0.245266,0.551939,0.555562,0.0788913,-0.250378,0.0280859,0.138956,-0.172345,-0.134744,-0.0294734,-0.0927828,0.151606,0.203167,0.0960887,0.116375,0.169675
1.365333333,-4.49548,1.30165,0.184853,0.327885,0.107137,0.546968,0.271911,-0.0523063,-0.162024,0.27322,0.200524,0.079825,-0.0937798,-0.0479915,0.0445419,0.298321,0.022548,0.235003,0.0472862,0.231915
1.386666666,-4.51138,0.924121,0.0290385,0.274603,-0.378461,0.230207,0.113668,-0.250138,-0.0868351,0.173758,0.221699,0.163275,0.26472,0.0431001,-0.0907005,0.100697,0.0623451,0.0310411,0.104625,0.119124
1.408000000,-4.75833,0.711673,0.105762,0.414088,0.117288,0.362524,0.0970059,-0.474651,-0.288656,0.0935942,0.0165257,-0.0220892,0.214699,-0.160182,-0.115827,0.0988869,0.0292443,0.263949,0.0679519,0.326376
1.429333333,-4.9625,0.921648,-0.0668794,0.374951,-0.0963669,0.457903,0.183056,-0.0738031,-0.141162,0.252966,0.330432,-0.0380329,-0.00633038,0.014196,-0.106786,0.361573,0.0308606,0.162803,0.0546707,0.248385
1.450666666,-4.76714,1.33471,0.0334088,0.31039,-0.0433711,0.225369,0.0562214,0.0653564,0.0462229,0.189873,0.0317747,-0.108775,0.133086,0.0234255,-0.00666869,0.124496,0.322008,0.19015,-0.0651499,0.0775856
1.472000000,-4.59935,1.31529,0.11627,0.267597,-0.0662796,0.304774,0.168672,-0.0652522,0.154155,0.180355,0.325116,-0.000881998,-0.0882075,0.169849,-0.307364,0.0210993,0.00948655,0.0953363,0.19628,0.329499
1.493333333,-5.13007,1.32378,0.425315,0.475614,-0.0871144,0.169127,0.0497409,0.285783,0.301806,0.442446,0.388367,-0.188651,-0.0481018,-0.11377,-0.0631538,0.471585,0.0241939,-0.127396,0.115845,0.195849
1.514666666,-5.65952,1.37432,0.719392,0.573822,-0.0821677,0.184897,0.214621,0.339408,0.443913,0.424969,0.278455,-0.139594,-0.0084808,0.0104494,0.0695226,0.246018,0.0702026,-0.0323878,-0.0456329,0.068677
1.536000000,-5.92941,1.454,0.673969,0.61736,0.0471088,0.0681686,-0.00960531,0.459098,0.520545,0.344037,-0.0578187,-0.202031,0.0135373,0.139669,-0.0295122,0.0682708,0.207462,0.0356438,-0.0350755,0.139151
1.557333333,-6.30623,1.43005,1.14048,0.70325,0.0225978,0.0289091,-0.0634802,0.0927862,-0.0424004,0.0484041,0.0142641,0.0541658,0.104344,-0.048041,-0.256302,0.143155,0.108936,-0.136952,0.158444,0.261556
1.578666666,-5.64589,1.17887,0.329641,0.490735,-0.108899,0.0641898,0.134962,0.263391,0.081957,0.251587,0.329055,0.0815967,-0.127406,-0.179225,0.0281071,0.246334,0.0720985,-0.219821,-0.133883,-0.00310538
1.600000000,-4.91958,1.17947,0.29643,0.462793,-0.22581,0.188678,0.0646353,0.264944,0.312841,0.205498,-0.0391757,-0.31568,0.00324619,-0.210774,-0.0741326,0.161383,0.211001,0.136911,0.0654857,0.194859
1.621333333,-4.56563,0.824007,0.480968,0.638251,0.415781,0.132938,0.0132739,0.178728,0.322579,0.332819,0.15137,0.0592333,0.12576,-0.0315827,0.296797,0.0503919,-0.0663322,-0.024872,0.206489,0.250881
1.642666666,-5.61301,1.34416,0.343467,0.795288,0.352496,0.24639,0.229885,0.301533,0.264531,0.0788017,-0.138031,-0.324493,-0.0448212,0.116041,0.0551075,0.228716,0.0631785,0.161018,0.19066,0.11767
1.664000000,-5.36678,1.16083,0.358795,0.989336,0.197733,0.185871,-0.0584366,0.368911,0.512328,-0.0571012,0.072017,-0.0299282,-0.032149,-0.143666,0.12624,0.180088,-0.210404,-0.0784066,0.270899,-0.00385842
1.685333333,-4.95157,1.08548,0.0413246,0.827578,0.105338,-0.0468437,-0.318419,0.416729,0.2113,-0.33572,0.215868,0.362654,0.0316465,-0.559287,0.0625446,0.45779,-0.312612,-0.202181,0.231945,0.270715
1.706666666,-4.46965,1.06411,-0.0904149,1.00063,0.215376,-0.248322,-0.324155,0.145838,0.106426,-0.062086,0.228748,0.350738,-0.0215418,-0.204022,0.145494,0.351137,0.0642807,0.141681,0.185411,0.102937
1.728000000,-3.49126,1.26232,0.114706,0.418686,0.165838,-0.289303,-0.164937,-0.147795,-0.14369,0.0924606,0.00146568,0.394416,0.276193,0.105614,0.0348971,-0.101115,0.0325192,0.0110267,-0.118972,-0.200571
1.749333333,-4.33668,1.51026,-0.0663485,0.389008,0.0752916,0.071263,-0.310037,-0.162299,0.265119,0.316956,0.254757,-0.130252,0.179372,0.0830217,-0.0749857,0.10447,0.314053,0.18694,-0.155739,-0.255567
1.770666666,-4.37831,1.33076,-0.126169,0.48572,0.233191,-0.19371,-0.356638,0.140572,0.399383,0.135002,-0.353896,-0.296911,0.221054,0.162663,-0.138014,0.124877,0.180105,0.190381,0.105029,-0.118498
1.792000000,-4.31946,1.20136,-0.463487,0.124332,0.0779337,0.203733,-0.305084,0.0221318,0.382358,0.427434,0.0327243,-0.295907,0.4235,0.284985,0.0116647,0.123694,0.288955,0.0713226,0.291267,-0.016713
1.813333333,-4.55121,0.893723,-0.440891,0.363721,0.0999163,0.0857809,-0.4402,-0.310044,0.309498,0.48308,0.0526425,-0.477145,0.09451,0.0731567,0.0126271,-0.0421051,0.119258,0.218466,0.253654,0.0164784
1.834666666,-4.41739,1.29281,-0.391007,0.359346,0.220193,0.256959,-0.427609,0.00679241,0.139768,0.00378222,-0.262721,-0.623433,0.0247606,0.0997934,-0.0302583,0.194109,0.146612,0.115274,0.0516461,0.120854
1.856000000,-4.75838,1.1387,-0.532546,0.177984,0.0926926,0.0982895,-0.215398,-0.0181236,0.0721779,0.177847,-0.213903,-0.555349,0.0530862,0.25171,-0.0452575,-0.111329,0.340685,0.0506768,-0.128557,0.182513
1.877333333,-5.01979,1.48068,-0.26526,0.394842,0.516065,0.199639,-0.115308,-0.0785382,0.502153,0.569696,-0.101521,-0.423821,0.0476786,0.0190996,0.0155857,0.142175,0.38309,0.208601,-0.0508044,0.0242267
1.898666666,-4.81793,1.14487,-0.645205,0.0198971,0.261308,0.336996,-0.158517,0.329167,0.752778,0.519669,0.129442,-0.289277,0.0811086,0.176063,0.15951,-0.0462504,0.0987013,0.272487,0.233287,0.264239
1.920000000,-4.5476,1.12887,-0.368969,0.321704,0.385544,0.159,-0.432225,0.0722394,0.830843,0.854667,0.290946,-0.35251,-0.177752,-0.173644,0.0138282,0.0229337,0.0697312,-0.00881037,-0.163646,0.0283278
1.941333333,-4.31773,1.28173,0.424053,0.493868,0.456766,0.459601,-0.175045,0.147513,0.55818,0.510472,0.219527,-0.235894,-0.0478733,0.0547433,0.311498,0.0694836,-0.016259,0.283452,0.266651,0.137464
1.962666666,-4.50128,1.45757,-0.316511,0.33123,0.174501,0.259146,-0.184195,-0.102579,0.343411,0.424108,-0.291381,-0.226518,0.182779,0.0525807,-0.219017,0.0281655,0.0173723,0.283934,0.370164,0.278622
1.984000000,-4.54015,1.30555,-0.30529,0.45827,0.057384,0.0807369,-0.440324,0.0297578,0.200344,0.475929,0.00243851,-0.3062,0.193199,0.092098,-0.101501,-0.215475,0.131258,-0.0801145,-0.166843,0.318158
2.005333333,-4.56744,1.1565,-0.403424,0.15928,-0.120372,-0.0731873,-0.39967,0.118236,0.360675,0.400286,-0.205446,-0.437264,-0.236658,-0.105164,0.299266,0.211168,-0.0436068,0.185685,0.247211,0.0918923
2.026666666,-4.40537,1.36124,-0.310015,0.477059,0.345643,0.0132068,-0.585303,0.0647928,0.468533,0.479661,0.0344685,-0.486666,-0.0874971,0.306132,0.229052,0.034224,0.138606,0.321256,0.159033,0.0670943
2.048000000,-4.55528,1.35219,-0.496263,0.12983,0.198113,0.263775,-0.384689,0.230282,0.471033,0.466188,0.154867,-0.441259,-0.254245,0.353943,0.352051,-0.133173,-0.15656,0.157394,-0.0593741,0.0559387
2.069333333,-4.64766,1.15549,-0.449389,0.517061,0.366676,0.226904,-0.370546,0.175956,0.58927,0.499061,-0.00971511,-0.707555,-0.257844,0.241534,0.195295,-0.0269934,-0.0362313,0.0364206,-0.0222034,0.045367
2.090666666,-4.62858,1.27703,-0.332526,0.24077,0.335464,0.639296,-0.043217,0.185165,0.334898,0.4498,-0.0378468,-0.349988,0.229691,0.0245025,-0.0126648,-0.366164,-0.201925,0.0262937,0.205707,0.189787
2.112000000,-4.52148,1.39849,-0.100563,0.211961,-0.000575263,0.589324,0.0644514,0.0795388,0.664471,0.558193,-0.251951,-0.712246,-0.0273353,0.300411,0.259971,-0.00929067,0.0577629,-0.126397,0.00141048,0.0945479
2.133333333,-4.69441,1.39113,-0.213481,0.31023,0.313462,0.405202,-0.0693735,0.0477836,0.393216,0.226748,-0.1762,-0.499658,0.0620941,0.407036,0.110956,-0.0188649,-0.132143,0.166429,0.104463,0.074086
2.154666666,-4.35011,1.43811,-0.0995337,0.492603,0.194375,0.543007,0.490057,-0.0811046,0.0907452,0.425121,0.0974514,-0.416074,-0.257458,0.028715,0.122302,-0.0447965,-0.147253,-0.0456851,-0.0688236,0.0634473
2.176000000,-4.30211,1.4523,-0.225691,0.302559,0.285066,0.486013,0.0988988,-0.191917,0.265472,0.337618,0.167875,-0.481483,-0.032097,0.194292,0.0988555,0.0254284,0.219355,0.227439,0.0725064,0.0547654
2.197333333,-4.70931,1.3228,0.114533,0.213242,0.366215,0.355608,0.279096,0.0630072,0.209232,0.371842,-0.0911423,-0.258223,0.034796,0.268958,0.0472047,-0.020092,-0.0162608,0.0562824,-0.0964382,0.0931254
2.218666666,-5.08381,1.36551,0.167199,0.165027,0.249115,0.371775,0.0820057,-0.209554,0.300299,0.599413,0.0906075,-0.27776,-0.274386,-0.137848,-0.062553,0.0769628,-0.0752973,0.0972503,0.122472,0.0901886
2.240000000,-5.14988,1.35437,0.437943,0.292939,0.0286026,0.419435,0.211747,-0.201198,0.116838,0.378662,-0.0406323,-0.232614,-0.0520725,-0.108487,0.0387565,-0.0381731,0.150766,0.348567,-0.0151686,-0.0850178
2.261333333,-4.50455,0.958842,0.569839,0.919944,0.454569,0.202597,0.23432,0.114754,0.294069,0.248471,-0.0552739,-0.244628,0.0100022,-0.0272391,0.059064,-0.0214086,0.0647922,0.382631,0.0106597,0.166371
2.282666666,-4.72295,1.27708,0.322284,1.0042,0.404364,0.407547,0.140813,-0.111506,0.0803753,0.405725,0.0156482,-0.0207084,0.121826,0.0821962,0.157556,-0.0986007,-0.183675,0.257823,0.0764214,0.0585017
2.304000000,-4.89771,1.10301,-0.0528284,0.563714,0.171978,0.315642,-0.154881,-0.0126106,-0.0189682,0.401079,-0.0749017,-0.141141,0.153935,-0.14109,0.212224,0.158444,-0.132988,0.0252397,0.0345464,0.036744
2.325333333,-5.03279,1.12808,0.0523569,0.604555,0.106374,0.244791,-0.193925,0.206642,0.179148,0.123695,0.0352155,-0.366472,0.119501,-0.178744,-0.0153601,0.196697,0.126755,0.381857,-0.0403045,0.0909145
2.346666666,-4.98913,1.07301,0.0399861,0.613072,-0.02377,0.0503352,-0.164181,0.0691519,-0.047669,0.293651,0.144861,-0.432219,0.135218,-0.209128,0.0150097,0.0875292,0.123247,0.140411,-0.0452473,0.198346
2.368000000,-4.87697,1.30103,0.173192,0.907484,0.0366812,0.226446,-0.00965643,0.108235,0.175917,0.174898,0.0460668,0.0922945,0.158267,-0.106267,-0.158139,-0.055275,0.298101,0.20289,0.0142107,0.231024
2.389333333,-4.98232,1.03095,0.367063,0.605444,-0.2178,0.202155,0.00480316,-0.140262,0.101785,0.143785,-0.105275,-0.00726996,-0.0336683,-0.322744,-0.278126,0.0515404,-0.0358208,0.245579,0.242458,0.112419
2.410666666,-5.08211,1.12559,0.46212,0.847995,-0.0155177,-0.0866134,0.0351659,0.242582,0.108974,0.246971,0.142887,-0.0144026,-0.0298243,-0.12217,-0.218285,0.178295,0.052021,0.0975472,-0.118368,0.23274
2.432000000,-4.96528,1.27471,0.380797,0.687817,-0.0829812,0.216208,0.15338,0.00665125,0.0586291,0.268608,-0.0227241,-0.312797,-0.136282,-0.226148,-0.0941704,0.285757,-0.0894364,0.283338,0.0457521,0.135329
2.453333333,-4.98764,1.05793,0.356234,0.890825,0.277964,0.0604438,-0.116523,0.160128,-0.144228,0.0315355,0.173632,-0.199732,-0.0902642,-0.234967,-0.0337997,0.324795,-0.0130569,0.270716,0.0827781,0.297947
2.474666666,-4.53429,1.01906,0.0930299,0.0727344,-0.311161,0.200129,0.300989,0.227595,-0.0230604,0.11172,0.381098,-0.234834,-0.211701,-0.00218323,0.0614424,0.235334,0.0895448,0.119846,0.0666649,0.316611
2.496000000,-4.85217,1.46803,0.791863,0.662756,-0.0411778,-0.012766,0.0998897,0.138793,0.0669293,0.238731,0.0998177,-0.0720625,0.12235,0.107148,0.199388,0.262637,0.27616,0.219076,0.236363,0.245727
2.517333333,-5.82998,1.58685,0.482443,0.553172,-0.271676,-0.0852661,0.273316,0.317385,-0.0986536,0.00539906,-0.0142593,-0.015758,-0.171397,-0.0643434,-0.0227443,-0.034211,-0.137109,-0.282736,0.145908,0.0445048
2.538666666,-5.54987,1.63648,0.688352,0.635134,0.0810513,-0.00751245,-0.107321,0.394329,-0.0493524,0.167159,0.28641,-0.256827,0.108151,-0.197047,0.0354193,0.0961934,0.113163,-0.0475792,-0.156338,0.0278978
2.560000000,-5.29248,1.30974,0.422156,0.980251,0.333051,0.217346,-0.41083,0.253422,0.451649,0.12751,-0.336278,-0.620515,0.10646,-0.0439056,0.00140246,0.39905,0.158454,-0.0257544,0.150327,0.494617
2.581333333,-4.64616,1.45321,0.0713604,0.704991,0.445744,0.205101,-0.326639,-0.058187,-0.191539,-0.0634993,-0.375373,-0.148279,0.305608,0.0857089,0.146302,0.486869,0.256178,-0.188946,0.0903006,0.249092
2.602666666,-4.3423,1.40699,0.20805,0.636869,0.637635,0.131138,-0.457734,0.109146,0.174934,0.103388,0.014156,-0.124816,0.389607,0.404127,0.157269,0.351468,0.233795,-0.0340298,-0.223842,0.178587
2.624000000,-3.59632,1.54182,0.043351,0.441115,0.259514,0.0511375,-0.433724,-0.307339,0.314229,0.187009,-0.155639,0.069396,0.265248,0.135214,-0.0331362,-0.0913063,-0.15258,-0.00975579,-0.0114759,0.050761
2.645333333,-4.24391,1.3552,-0.350512,0.303805,0.489287,0.361122,0.125642,0.045955,0.329896,0.154596,-0.165428,-0.107605,0.0364692,-0.216351,-0.350064,-0.0856071,-0.0987345,0.0889686,0.154851,0.031824
2.666666666,-4.18832,1.19012,-0.113148,0.487809,0.32976,0.333364,0.235025,0.0418847,0.0123105,0.206831,-0.083383,-0.108783,0.247213,-0.00595761,-0.293862,0.0878636,0.278923,0.0635172,0.0194904,0.129771
2.688000000,-4.29193,1.2188,-0.313125,0.427076,0.378402,0.193888,0.0877446,0.255468,0.362203,0.27513,-0.116553,-0.524175,-0.0343942,-0.324206,-0.0884186,0.255458,0.488283,0.149236,-0.144378,-0.0672913
2.709333333,-4.34579,1.19257,-0.272228,0.435195,0.287069,0.249951,-0.0283313,-0.0806246,0.133286,0.0872209,-0.0467408,-0.36655,0.188302,-0.0137621,-0.0745676,0.0326205,-0.00858853,0.180817,0.249574,0.247391
2.730666666,-4.27936,0.872431,-0.387033,0.458449,0.523135,0.199197,-0.239604,0.0438226,0.185537,0.300193,0.00263489,-0.176316,0.00956712,0.0947874,0.0692101,0.293114,0.413536,0.169089,0.0348867,0.0999492
2.752000000,-4.68616,1.25525,-0.181637,0.357147,0.475125,0.157577,-0.308703,-0.287545,0.257828,0.438058,-0.109367,-0.388415,0.222533,0.0640527,-0.0793478,0.128569,0.04855,0.180584,0.318745,0.277375
2.773333333,-4.37601,1.13185,-0.156223,0.326573,0.416803,0.20445,-0.308987,-0.0187384,0.252368,0.418635,-0.0718024,-0.439208,0.0462261,0.00081458,-0.15868,0.226415,0.213029,-0.0663849,0.034148,0.174407
2.794666666,-4.47289,1.41751,-0.379736,0.505908,0.417438,0.298894,-0.370794,0.0594618,0.410522,0.441982,-0.00922996,-0.311325,0.267128,0.00501088,-0.170384,0.231074,0.193088,-0.0278381,0.0198724,0.266627
2.816000000,-4.70302,1.22013,-0.349567,0.248365,0.0918735,0.220531,-0.181797,-0.177052,0.188117,0.352017,-0.0120372,-0.210143,0.261162,0.133782,-0.0451149,0.0261811,0.305204,0.237211,-0.194029,-0.115291
2.837333333,-4.61313,1.36025,-0.560349,0.42168,-0.0953737,0.11255,-0.181231,-0.00170908,0.265356,0.280343,-0.113258,-0.121686,0.158607,0.0157077,0.0656148,-0.0162426,-0.0549618,-0.262027,-0.2027,0.0227773
2.858666666,-4.38761,1.45631,-0.53416,0.186547,0.184957,0.228186,-0.29578,-0.131354,0.415917,0.33159,-0.0190073,-0.362667,0.156816,0.106364,0.0911324,0.202993,0.0730053,0.0664238,-0.0951641,-0.0287469
2.880000000,-4.33895,1.28576,-0.531132,0.172472,0.200454,0.12333,0.0499909,0.375882,0.426329,0.213158,0.0286001,-0.474884,0.0166544,0.240458,0.027016,0.190882,0.148969,0.131421,0.0225819,0.0500049
2.901333333,-4.07591,1.15178,-0.178387,-0.126793,0.446946,0.420052,0.125385,0.141688,0.407887,0.399552,0.0982592,-0.120829,0.18502,0.117579,0.170472,0.0542411,0.280267,0.16178,0.0466288,0.228427
2.922666666,-4.83439,1.49814,0.0659207,0.312569,0.128912,0.419072,0.125367,0.160722,0.285754,0.491288,-0.0886578,-0.320542,0.0403294,0.10599,0.101635,0.162639,-0.016712,-0.0178815,-0.073932,0.0542888
2.944000000,-4.79876,1.71944,-0.176659,0.0958143,-0.203727,0.191487,0.0826715,0.0775355,0.17206,0.454435,-0.226304,-0.632699,-0.221728,0.142486,-0.0156167,0.0839018,0.0165347,-0.126972,0.093502,0.133274
2.965333333,-4.18417,1.60259,-0.24332,-0.132337,-0.0398015,0.455078,0.239602,-0.122735,0.14253,0.164994,0.279462,-0.34949,-0.0579372,0.0169102,-0.124193,-0.03014,-0.11081,0.133587,0.128035,0.113768
2.986666666,-4.7503,1.84783,0.420594,0.089921,0.0592978,0.614897,0.486246,0.0424772,0.359056,0.352134,0.16795,-0.0395481,0.197359,0.1011,0.0338412,0.0970765,0.0124755,0.266625,0.400648,-0.0485509
3.008000000,-4.89748,1.56833,-0.487865,0.214839,-0.0945607,0.506117,0.396544,0.000715751,0.0709595,0.24408,-0.0687009,-0.0116151,0.286188,0.18867,-0.126299,-0.17406,-0.267911,-0.134866,0.0874909,0.137892
3.029333333,-4.58438,1.56911,-0.359778,0.232403,-0.186003,0.539215,0.311729,0.103436,-0.0747577,0.122563,0.157281,0.0404691,0.114644,0.328093,-0.0215092,0.155359,0.0294032,0.000853828,-0.0548262,0.0598005
3.050666666,-4.03499,1.11032,0.121236,0.369321,0.332547,0.325646,-0.04122,0.0531204,0.299541,0.296042,-0.0434021,-0.0314249,0.247992,0.0925479,0.150889,0.162245,-0.00915637,-0.0182586,-0.0608979,0.121742
3.072000000,-3.95041,1.47932,-0.164818,0.238655,0.110563,0.0844116,0.0859961,0.10255,0.180051,0.0807701,-0.0864066,-0.055977,0.0846972,-0.151554,-0.121352,0.183036,-0.265669,-0.100821,0.00491351,-0.0387269
3.093333333,-4.39576,1.68347,-0.03571,0.184201,-0.323278,0.225211,0.0848825,-0.196191,0.0692209,0.282442,0.0589478,-0.0152984,0.096695,0.016005,-0.122316,-0.0959116,-0.240104,-0.077631,0.290425,0.101025
3.114666666,-4.76206,1.19998,0.0400574,0.48671,0.125357,0.0642805,0.0300631,0.0626636,0.162394,0.294125,-0.089683,-0.0902735,0.0332248,-0.0771269,0.127751,0.0729574,0.0653623,0.128374,0.237894,0.061839
3.136000000,-4.77196,0.962445,-0.00111223,0.853187,0.134705,0.259153,0.0131054,-0.198736,0.0885986,0.517825,0.203486,-0.313425,0.0826379,0.00654004,-0.234248,0.0105509,0.00324817,0.0716903,-0.0110427,0.153269
3.157333333,-4.64585,1.10683,0.274608,0.64012,0.252714,-0.0905791,0.0714229,0.115467,0.335542,0.130747,-0.146521,-0.284636,0.0598729,0.118166,0.0127725,0.141873,0.0724309,-0.0139608,-0.0409177,0.141186
3.178666666,-3.9126,1.74246,0.281876,0.318996,0.194503,0.00631401,0.00736532,-0.207428,0.0561649,0.399311,0.13823,-0.100977,-0.103783,-0.244277,-0.169021,-0.0530804,-0.0266539,0.00237462,0.0102516,0.243734
3.200000000,-4.92531,1.20027,0.0931224,0.256074,-0.0214465,0.253667,0.448678,0.206795,0.0967487,0.0576384,0.170027,0.167413,0.0461244,-0.151511,0.0382602,0.164424,0.0247078,-0.0529008,-0.110262,0.0781436
3.221333333,-4.83553,1.26257,0.280321,0.410666,0.0329669,0.36262,0.165825,0.0824882,0.298072,0.0992947,-0.095381,-0.36642,-0.182276,0.0336647,0.108943,0.0755945,-0.0461724,-0.185968,0.232291,0.177581
3.242666666,-5.20343,1.2393,0.424035,0.71417,0.00276563,0.0515891,0.236902,0.16124,0.0220191,0.130042,0.134392,0.0838308,-0.143287,-0.230252,-0.275443,-0.111312,0.155224,0.0470227,0.181487,0.201872
3.264000000,-4.74014,1.21571,0.300676,0.358754,0.256532,0.0209553,-0.182019,-0.110985,0.0244796,0.153799,0.0464274,0.157614,0.0546465,0.115954,0.0726925,0.147196,-0.0767133,-0.224095,-0.0646116,-0.141563
3.285333333,-4.63647,1.50421,0.477545,0.615184,0.046568,0.0315564,-0.0408807,0.0315821,0.0593536,0.085565,0.343619,0.0865541,-0.000232023,-0.28695,-0.0160801,0.148878,0.0239641,-0.154068,-0.0147596,-0.111306
3.306666666,-5.22982,1.47587,0.623455,0.671544,0.493899,0.266735,0.165563,-0.098861,-0.129955,0.185356,0.143321,0.198132,0.0879842,0.0978922,0.0963049,0.0248388,-0.143507,-0.217488,0.141975,0.0783524
3.328000000,-5.38185,1.74862,0.700624,0.401988,-0.210769,-0.103469,0.144958,0.369263,0.0702272,0.233746,0.0735892,0.0651195,-0.0970003,-0.137823,-0.0671851,0.175514,0.012004,-0.183718,0.103349,0.194132
3.349333333,-5.73343,1.73907,0.851733,0.502044,-0.0680333,-0.0234955,0.191916,0.356079,0.198606,0.019797,0.102514,0.0102974,0.11622,0.0195033,-0.0225921,0.243187,0.027805,-0.0561252,0.106754,0.00843144
3.370666666,-4.10352,1.25559,0.421405,0.498525,-0.0466841,0.0430755,0.0186574,-0.0751696,-0.0307151,0.22125,-0.132933,-0.192696,0.191617,-0.0580626,0.0192596,0.234658,-0.0553366,0.0430509,0.178335,0.197662
3.392000000,-4.39941,1.48268,0.236591,0.489869,0.0534916,0.243386,0.0149593,-0.169743,-0.0495281,0.107218,0.102751,-0.122975,-0.151854,-0.124701,-0.306306,-0.323688,-0.185114,-0.0690516,0.196104,-0.0161699
3.413333333,-4.86769,1.22488,0.486508,0.623698,0.171033,0.224885,0.071761,0.11366,0.102934,0.198974,0.143462,-0.177652,0.0052133,-0.054422,-0.125363,0.0545132,0.133583,-0.0777405,-0.129523,-0.0635162
3.434666666,-4.96986,0.992914,0.138187,0.486696,-0.101966,0.244593,0.230317,-0.00256413,0.182509,0.191267,-0.145969,-0.194326,-0.00261074,-0.0600155,0.172515,0.243384,-0.0258564,-0.154237,0.143143,0.188236
3.456000000,-5.06039,1.31841,0.313094,0.68516,0.0608171,0.107701,0.252367,0.318749,0.353629,0.127479,0.120739,-0.275077,-0.0115628,-0.126605,-0.0858223,-0.0446819,-0.10844,0.186538,0.209882,0.313755
3.477333333,-4.27796,1.0485,0.140412,0.329221,0.0671494,0.242165,0.0840063,0.0179644,-0.0924465,0.124592,0.184925,0.0907708,0.0464973,-0.0408597,-0.0736373,0.131281,0.179719,0.0377735,0.214767,0.128127
3.498666666,-4.34412,1.36684,-0.0680463,0.220752,0.0939111,0.330341,0.269332,0.273634,0.116233,0.284581,0.465619,0.117565,-0.115815,-0.0179242,-0.045622,0.104525,-0.149428,-0.220447,-0.154877,-0.271218
3.520000000,-4.8139,1.17506,-0.161569,0.348024,-0.132102,0.32387,0.258286,0.0605296,-0.0470794,0.146491,0.398352,-0.15211,-0.0586992,0.0802773,0.00446349,0.0905962,-0.0711422,-0.175627,-0.119965,0.0854835
3.541333333,-5.01585,1.15015,-0.0523465,0.507384,-0.0395512,0.0295474,0.407285,0.0750609,0.110437,0.188467,0.132962,-0.346512,0.0257033,-0.19973,-0.0657104,0.0269995,0.102659,0.0618387,-0.0829558,0.0380424
3.562666666,-5.13835,1.35027,0.189656,0.447396,-0.12271,0.129669,0.152376,-0.118861,-0.248758,-0.12356,0.105674,-0.0218175,-0.0687794,-0.0992634,-0.256203,0.124486,-0.00495714,-0.0255657,-0.0468459,-0.0594125
3.584000000,-4.2307,1.19411,0.276844,0.0313838,0.105911,0.104633,0.121964,0.019109,-0.163297,0.459148,0.239024,0.00895997,0.0619404,0.067109,-0.200296,0.00660541,-0.16503,-0.0201702,-0.177588,-0.0649227
3.605333333,-4.34643,1.34993,0.137882,0.228329,-0.0405021,0.325489,0.333596,0.184663,0.199074,0.374706,0.14374,-0.0355004,-0.127836,-0.0177397,-0.0451718,-0.20252,-0.275591,-0.235156,0.176596,0.177491
3.626666666,-4.73012,1.2106,0.433609,0.502052,-0.0237655,0.191439,0.508346,0.292274,-0.170063,-0.0274224,0.123227,0.0423117,0.262027,-0.131129,-0.125248,0.215826,-0.0728014,-0.113872,0.117957,0.0981547
3.648000000,-5.36531,1.53485,0.510223,0.60679,0.0898267,-0.0590567,0.282726,0.0814374,0.149272,0.176288,-0.0517501,-0.0575205,0.122418,-0.110069,0.138531,0.286339,-0.0570791,-0.221902,0.0701828,0.144766
3.669333333,-5.27172,1.67741,0.680202,0.706619,0.140715,0.186536,0.192688,0.0675114,-0.201505,-0.00581233,0.0421381,-0.148909,-0.0382097,-0.116992,-0.0982721,0.013563,0.107688,0.0581002,0.0189385,0.0600392
3.690666666,-4.35479,1.56391,0.456126,0.852701,0.146847,0.0122622,0.0059776,-0.160586,-0.22931,-0.0958975,0.118571,0.275466,0.0557617,0.256808,0.255658,0.072756,-0.064201,-0.0779821,0.00674525,-0.0700684
3.712000000,-4.74433,1.40728,0.15053,0.693393,-0.0117613,0.309899,0.140858,0.0977169,0.179544,0.316386,0.243997,-0.118268,0.0920085,-0.167636,-0.150016,-0.149216,-0.162018,-0.0312411,-0.0194221,0.0448423
3.733333333,-4.2801,1.54058,0.0988898,0.302505,0.0945218,-0.105512,-0.00539786,-0.12032,0.0325493,0.171474,0.046069,-0.0948402,0.199849,0.117138,0.0979804,0.102856,-0.2407,-0.0982193,0.0625618,0.0253759
3.754666666,-4.94047,1.56062,0.399534,0.481932,0.103259,0.184402,0.114422,0.011101,0.0157448,0.292954,0.00426135,-0.155024,-0.101495,0.158671,-0.0154381,0.0638986,0.108343,0.0470041,-0.0305107,0.0185079
3.776000000,-5.3627,1.33003,0.406329,0.61232,0.316948,0.253894,0.120348,0.00560121,-0.0320347,0.197148,0.186861,-0.242604,-0.214255,0.0916641,0.00800912,-0.129061,-0.128456,-0.0523926,0.203984,0.180235
3.797333333,-4.02699,1.41538,0.307301,0.635164,0.230199,0.150991,-0.41304,-0.14406,0.327831,0.236544,0.0846814,0.0124501,-0.111675,0.0464829,-0.144867,0.139965,0.107491,0.155024,-0.0482281,-0.109174
3.818666666,-4.47434,1.40445,0.272944,0.586912,-0.0566557,0.0187402,0.256288,0.187953,0.108139,0.117489,0.134208,-0.178422,-0.247514,-0.0932975,-0.0234195,-0.0394911,-0.232754,-0.2244,-0.121086,-0.118911
3.840000000,-4.8359,1.27879,0.166243,0.569649,-0.0966423,0.0659247,0.312493,0.196115,0.346289,0.382166,-0.0763542,-0.203873,-0.175001,-0.278758,-0.296874,-0.110907,-0.110223,0.0962658,0.230445,0.246159
3.861333333,-5.2922,1.45068,0.232829,0.414689,-0.0188539,0.311872,0.335438,-0.0468913,0.0872339,0.0618435,0.195467,0.00305236,0.159318,0.0909705,-0.121019,0.306169,0.204053,0.0644823,-0.229564,0.0982453
3.882666666,-5.24372,1.65358,0.259537,0.491888,-0.0818792,0.264848,0.462227,0.093564,-0.226785,0.171002,0.108733,-0.349143,-0.0906687,0.0286318,-0.251422,0.200446,0.228211,0.092747,-0.0734413,0.0431693
3.904000000,-4.03759,1.48238,0.315849,0.209625,-0.0500731,0.35265,0.526135,-0.0994135,-0.139926,0.0566103,0.410427,0.425624,0.0871194,0.0985679,-0.343904,-0.00521306,0.22065,0.0756427,0.418405,0.100561
3.925333333,-4.68382,1.92828,0.282286,0.418624,-0.277213,0.361074,0.408862,0.074217,-0.288716,0.103494,0.347146,0.366642,0.315426,0.0262496,-0.302228,-0.00198018,0.12414,0.131788,0.276061,-0.0961279
3.946666666,-5.08164,1.37571,-0.111071,0.44949,-0.27125,0.558896,0.555015,0.0867642,-0.300374,0.102586,0.245726,0.0268483,0.203143,-0.232152,-0.225981,0.15745,0.341841,0.231869,0.0426388,0.0586296
3.968000000,-4.89655,1.31598,0.0546057,0.518617,-0.268811,0.642378,0.295739,-0.0420863,0.027696,0.508207,0.396261,-0.00100619,0.0728077,-0.251924,-0.439244,0.118921,0.0794552,0.107314,0.116522,0.243197
3.989333333,-4.64051,1.31201,-0.24759,0.206828,-0.2188,0.526591,0.396025,0.11515,-0.3242,0.0575668,0.229586,0.0930368,0.114269,-0.18555,-0.123877,0.0592878,0.278174,0.102659,0.155131,0.416315
4.010666666,-4.73985,1.23196,-0.00756953,0.0923827,-0.497889,0.306322,0.324594,-0.139,-0.241989,0.446581,0.606726,0.076827,0.203379,0.0648866,-0.246247,-0.103698,0.225389,0.0411701,0.253203,0.0340598
4.032000000,-4.72353,1.36914,0.012108,0.0432267,-0.330967,0.434632,0.343203,0.0338972,0.129329,0.35955,0.260894,0.117126,0.103246,-0.00278825,-0.185991,-0.0482313,0.182519,0.215034,0.449918,0.156436
4.053333333,-4.74972,1.38255,0.0154198,0.020903,-0.158484,0.391277,0.133136,-0.0173478,-0.0314354,0.174429,0.0331772,0.072751,0.212672,-0.136798,-0.151613,0.302635,0.273769,0.0719375,0.256362,-0.0210781
4.074666666,-4.81754,1.62502,0.224017,0.149119,0.160592,0.430239,0.249992,-0.0722681,-0.344157,-0.000851214,0.360164,0.183901,0.0446417,-0.181948,-0.270069,0.0354224,0.0726124,0.325104,0.329688,0.358379
4.096000000,-5.0195,1.14656,0.507968,0.0901713,-0.296099,0.415509,0.491293,-0.0768348,-0.112513,0.288692,0.381123,0.500542,0.299063,0.0492668,-0.205881,-0.198634,-0.0262693,0.194885,-0.0260849,0.0486987
4.117333333,-4.49342,1.48109,0.487826,0.177704,-0.0163266,0.318618,0.176024,-0.0713498,0.0256112,0.243613,0.172501,0.123634,0.0777934,-0.323269,-0.249653,0.152799,0.367683,0.228719,-0.109685,0.0990382
4.138666666,-4.74355,1.49666,0.644861,0.24976,0.125,0.661511,0.181115,-0.119239,-0.012731,0.381153,0.422397,0.0600377,0.114873,-0.303864,-0.186259,0.195143,0.311373,0.30048,-0.0150861,0.126897
4.160000000,-5.00508,1.4994,0.194259,0.284412,-0.0981109,0.47376,0.202661,-0.25155,-0.321073,-0.00640193,0.295998,0.331581,-0.0528868,-0.162296,-0.418031,0.184621,0.193937,0.240066,-0.0170104,0.13104
4.181333333,-4.72203,1.44722,0.197536,0.421668,-0.0787532,0.264239,0.160183,-0.111727,-0.367383,0.115822,0.239972,0.058572,-0.132311,-0.386887,-0.280199,0.25907,0.259117,0.277553,0.0563842,-0.00359175
4.202666666,-5.14925,1.0377,0.0281398,0.156908,-0.13883,0.744742,0.355587,0.05129,-0.0354871,0.301714,0.446847,-0.0161808,-0.339911,-0.0697236,-0.236226,0.203626,0.129551,-0.0105717,-0.251646,-0.176172
4.224000000,-4.69892,1.28157,-0.157567,-0.137822,-0.18675,0.672383,0.204546,0.103318,0.00398708,0.19847,0.167282,-0.133937,-0.363392,-0.393124,-0.50789,0.143905,0.374986,0.265378,-0.0850952,0.15986
4.245333333,-4.73966,1.40095,0.0390922,0.230722,-0.0053462,0.851891,0.103939,-0.0773963,-0.20391,0.0198957,0.362311,0.155306,-0.112758,-0.289348,-0.18074,-0.00901511,-0.0184808,0.19643,0.133867,0.0815056
4.266666666,-4.68697,1.31547,0.0745551,0.335515,-0.133643,0.541035,0.181182,0.232408,-0.0297937,0.0710086,0.313077,0.273912,-0.0143404,-0.470991,-0.240608,0.194311,0.132951,0.215009,0.104353,0.0420687
4.288000000,-4.64327,1.30471,0.0417615,0.309273,-0.052158,0.586966,0.250581,-0.133818,-0.121622,0.479967,0.191046,-0.0214271,-0.06112,-0.431262,-0.18635,0.195865,0.148528,0.211476,0.07813,-0.044271
4.309333333,-4.76714,1.49848,-0.251588,0.102207,-0.0549424,0.4976,0.210218,-0.211925,0.0172014,0.449521,0.320186,-0.135133,-0.364887,-0.453993,-0.123391,0.367066,0.398242,0.312861,-0.082861,0.0514969
4.330666666,-4.21985,1.14939,0.139179,-0.347942,0.0879326,0.397662,0.179612,-0.138193,0.100916,0.230213,0.373816,0.0963553,-0.142683,-0.384838,0.0239646,0.0760321,-0.204807,-0.132387,-0.189915,-0.00264724
4.352000000,-3.94897,1.39778,0.280787,-0.0149077,0.337004,0.61629,0.0394832,-0.0605484,-0.0468698,0.221093,0.109687,-0.139551,-0.140445,-0.235267,-0.146069,0.123645,0.117512,-0.102202,-0.144109,-0.235579
4.373333333,-4.2388,1.57071,-0.0263411,0.116299,0.166799,0.344958,0.649166,-0.0325895,-0.217459,0.0753207,0.0746009,0.0596748,-0.0466372,-0.15446,-0.0913138,0.28006,0.319231,0.123898,-0.024487,-0.219414
4.394666666,-4.35289,1.26481,0.00173359,-0.199402,-0.291554,0.445014,-0.00678615,-0.262927,-0.0303666,0.240324,0.183876,-0.158088,-0.33844,0.0440411,0.0772581,0.132643,0.0575981,0.0551278,0.0636441,-0.047303
4.416000000,-4.37562,1.44141,-0.167589,-0.24189,-0.160729,0.539787,0.192534,-0.0204221,0.0929065,0.291709,0.453875,-0.0898063,0.069153,-0.197456,-0.0615539,0.284489,0.0901799,0.0368102,0.0663108,-0.0423125
4.437333333,-4.08136,1.1581,0.0759977,0.0906293,-0.00757226,0.37901,0.45941,0.145127,0.131784,0.16324,0.222789,0.140638,-0.136873,-0.388713,0.0443896,0.553134,0.554094,0.150707,-0.0276946,0.148694
4.458666666,-4.75812,1.56634,0.123578,0.353975,0.162307,0.567235,0.128691,-0.0605172,-0.110674,0.606228,0.316448,-0.0418329,-0.138285,-0.192008,-0.0637422,0.191955,0.18225,0.405599,0.112993,0.0817011
4.480000000,-4.76385,1.17465,-0.353828,0.398522,0.0483514,0.262952,-0.147989,-0.155246,0.234923,0.556166,-0.0223346,-0.28396,-0.021197,-0.317262,0.0474718,0.19829,-0.137572,0.0662999,0.0145445,-0.035223
4.501333333,-4.60916,1.17311,-0.413893,0.037226,0.064475,0.654683,0.049341,-0.200206,0.070913,0.289896,0.286798,-0.196117,-0.0692173,0.0443882,0.0537213,0.186095,0.103742,0.196501,0.0401957,0.0385831
4.522666666,-4.30479,1.47209,-0.125007,0.304838,0.193535,0.490437,-0.0144991,0.0291412,0.0638063,0.205346,0.237612,-0.0552769,-0.337479,-0.122306,-0.0250699,0.268342,0.185442,0.124535,-0.0977847,0.123045
4.544000000,-4.18783,1.66248,-0.345478,0.03023,-0.140438,0.303516,0.0561782,0.0448257,-0.00824178,0.319842,0.411147,-0.0888107,0.0600397,-0.314304,-0.097142,0.537929,0.115306,-0.110803,-0.266013,0.0800524
4.565333333,-4.48268,1.59677,0.00380099,0.220503,0.0813912,0.478908,-0.0483432,-0.13526,0.095221,0.403394,0.124016,-0.215908,0.0574456,0.0378576,0.189387,0.319839,0.284393,0.140815,-0.0500394,0.0340316
4.586666666,-4.49184,1.25013,0.0557447,0.53803,-0.0766772,0.49462,0.198166,-0.00231458,-0.0803958,0.410667,0.0870671,-0.00522689,-0.0434057,0.0611673,0.0332706,0.216784,0.257399,0.102116,-0.102911,-0.252674
4.608000000,-4.83547,1.65606,-0.0265608,0.223025,0.10888,0.629139,0.0662861,0.173858,0.155508,0.644808,0.327438,-0.129222,-0.0947593,-0.301476,0.0670805,0.290735,0.178178,-0.0966202,-0.158767,0.0957252
4.629333333,-4.54623,1.64808,-0.203533,0.022626,-0.447538,0.329693,0.23548,-0.0146233,0.0681787,0.484891,0.22036,-0.140231,0.0195354,0.0760926,0.117642,0.149539,0.12952,0.0286466,0.0041037,0.234638
4.650666666,-4.93783,1.5083,0.172625,0.0516621,-0.0920707,0.564011,0.189454,0.10379,-0.0815544,0.353466,0.315522,-0.264576,-0.193135,0.129406,0.0586879,0.15941,0.0908132,0.183045,0.0872511,0.158789
4.672000000,-4.53017,1.66351,-0.0491679,-0.120288,-0.487151,0.317669,0.183451,0.0775817,0.062809,0.269421,0.0355277,-0.156754,-0.136981,-0.00252452,-0.0548979,0.198935,0.00904442,-0.0700281,-0.138208,0.259773
4.693333333,-4.53175,1.38498,-0.340558,0.197367,0.0746865,0.571037,0.304533,0.165392,0.0421328,0.454857,0.13131,-0.211593,0.0682152,-0.0216158,0.109877,0.406194,0.0704399,0.00207557,-0.112443,0.142987
4.714666666,-4.69478,1.34894,-0.199726,-0.00333997,-0.0591464,0.3783,0.34262,0.179352,0.05446,0.445647,0.119665,-0.199868,-0.314341,0.13834,0.515175,0.487085,-0.00631409,-0.0752303,-0.167949,0.464539
4.736000000,-4.72123,1.50212,0.0264965,-0.0502597,-0.045929,0.492154,0.29165,0.164824,0.237067,0.436781,0.015495,-0.290756,-0.241889,-0.260166,0.0539496,0.430536,0.353862,0.17109,-0.144782,0.0926046
4.757333333,-4.88523,1.67425,-0.0246402,0.211345,-0.395576,0.431576,0.168741,0.162697,0.221099,0.423351,0.205369,-0.403359,-0.14503,-0.0930171,0.192796,0.577442,0.304637,-0.0191057,0.180597,0.141298
4.778666666,-4.24337,1.18613,0.193372,0.0997607,0.0533217,0.482006,0.39619,0.0955042,0.198254,0.23367,0.142912,-0.143233,-0.234452,-0.0346458,0.205346,0.287323,0.273973,-0.0370859,0.0340252,0.0667215
4.800000000,-4.50533,1.47176,0.103881,0.257916,0.105669,0.613594,0.448297,0.250915,0.313283,0.16245,0.148878,-0.142302,-0.141231,-0.0381719,0.0293735,0.0224559,0.0368872,0.160929,0.239616,0.223984
4.821333333,-4.74367,1.24099,-0.489515,-0.0200861,-0.223582,0.504919,0.151116,0.150198,0.0952214,0.284759,0.15769,-0.385108,-0.0949232,0.186004,0.381347,0.259981,-0.0309184,-0.104161,0.0935206,-0.0183098
4.842666666,-4.63318,1.27204,-0.13641,0.0471762,-0.136936,0.490269,0.0632063,0.143751,0.0428547,0.453998,0.313678,-0.269886,-0.0578196,0.241077,0.37093,0.396955,0.163015,-0.0888546,-0.131922,0.168409
4.864000000,-4.78551,1.18169,0.256639,-0.0127517,-0.00154294,0.82692,0.221396,0.048278,-0.0242441,0.544459,0.332647,-0.210345,-0.0432751,0.14123,0.312257,0.263048,0.0968328,-0.158845,0.082916,0.228106
4.885333333,-4.61391,1.32563,-0.243861,-0.250111,-0.140355,0.624411,0.173456,0.143018,0.183177,0.313509,0.0139219,-0.47779,-0.0791276,-0.0107379,0.278936,0.21266,-0.0858138,-0.330206,-0.19296,0.326769
4.906666666,-4.70222,1.34289,-0.15466,0.103438,-0.290416,0.502333,0.301217,0.0950631,0.197722,0.494627,0.197809,-0.321479,0.00434976,0.107714,-0.0701564,0.103818,0.202864,0.330312,0.118042,0.0835875
4.928000000,-4.69257,1.3926,-0.227827,-0.158861,-0.453094,0.456609,0.189453,-0.140543,0.127356,0.392138,0.102428,-0.223956,0.024195,0.456102,0.368049,0.24844,0.145593,-0.0232987,0.166368,0.244879
4.949333333,-4.65877,1.54128,-0.038283,-0.246469,-0.344945,0.339188,0.127817,-0.0829593,-0.0747233,0.488351,0.301477,-0.13594,-0.163114,0.184993,0.329244,0.259783,0.0734985,-0.0812588,0.0405292,0.291917
4.970666666,-4.7191,1.45977,-0.151627,-0.055856,-0.511991,0.408642,0.0625773,0.0397863,0.0649896,0.148944,0.15614,0.0557663,-0.161705,0.214079,0.45789,0.289435,0.102831,0.0423322,0.1654,0.256748
4.992000000,-4.54205,1.56918,-0.402497,-0.0999684,-0.120113,0.508179,0.0723127,-0.121012,0.00495982,0.468381,0.337863,-0.573958,-0.165106,-0.0721189,0.112291,0.350729,0.200825,-0.0325277,0.175545,0.284124
5.013333333,-4.02725,1.04155,-0.0330274,-0.0707977,0.0912906,0.318778,0.0362752,0.0436489,0.221722,0.252685,0.327583,-0.243914,-0.0251378,0.159366,0.314365,0.262433,0.161576,0.0956967,0.0562125,0.101181
5.034666666,-4.49357,1.36634,-0.187342,0.13122,0.323406,0.769021,0.229219,0.0572759,0.0568276,0.0941206,0.152244,-0.254975,0.0102598,0.206225,0.461286,0.315374,0.178529,0.171421,0.109632,0.184782
5.056000000,-4.90579,1.53247,-0.311963,0.319063,0.036603,0.553199,0.0897159,0.103171,-0.00232779,0.394419,0.311265,-0.282871,-0.111159,0.146868,0.111201,0.164085,-0.234736,-0.0289764,0.00375872,0.38045
5.077333333,-4.83208,1.51272,-0.55161,0.273546,-0.265889,0.539798,0.116189,0.121876,-0.152456,0.483425,0.0364835,-0.475669,-0.223182,0.388119,0.339118,0.193191,-0.162067,-0.0249524,-0.0851587,0.170476
5.098666666,-4.57215,1.48555,-0.376161,0.191322,-0.382189,0.416829,-0.0191502,-0.0233937,-0.206153,0.382179,0.00268236,-0.140402,0.0724732,0.185273,-0.0243696,0.124602,-0.17616,0.0995743,-0.0374581,0.266609
5.120000000,-4.54371,1.34422,-0.638561,-0.0509604,-0.357612,0.476011,-0.0313409,0.172675,-0.128077,0.22695,-0.00910481,-0.114094,-0.0566467,0.127779,0.128756,0.146865,0.0718298,0.271456,0.0826206,0.155072
5.141333333,-4.55041,1.48668,-0.726446,-0.0131272,-0.378493,0.172164,-0.0102784,0.0753119,0.169162,0.495845,-0.0260966,-0.247025,0.0479392,0.215316,0.116077,-0.0770318,-0.123176,0.154762,0.192051,0.152264
5.162666666,-4.45346,1.55605,-0.41018,0.0525118,-0.185225,0.734391,-0.0413659,0.0575401,0.0686649,0.305278,0.0501571,-0.336305,0.0169615,0.17026,0.144445,0.0193181,-0.358733,-0.12677,0.159176,0.133337
5.184000000,-4.45433,1.70247,-0.444745,-0.089334,-0.35927,0.580049,0.212035,0.231308,-0.0652338,0.294553,-0.0492796,-0.352966,0.105562,0.11662,0.370035,0.298787,-0.0535329,-0.0052494,0.100809,-0.0118553
5.205333333,-4.67868,1.43511,-0.216435,-0.148998,-0.37287,0.625042,0.355978,0.0978249,0.202971,0.371011,-0.0381581,-0.181977,-0.0972385,0.183951,-0.00783874,0.240235,0.131685,0.127016,0.117936,0.235132
5.226666666,-3.06428,1.35066,0.538417,-0.181786,-0.109425,0.412984,0.259659,0.109288,-0.0513286,0.0352998,0.016771,-0.339829,-0.32061,0.070282,0.0281967,0.0807921,-0.0526821,-0.0548811,-0.202443,-0.139754
5.248000000,-3.78799,1.80338,-0.112499,0.113389,-0.135624,-0.000129772,0.210135,0.245914,0.139413,0.242751,0.0130969,-0.0248649,-0.162843,0.0630319,0.0495654,0.0453644,-0.0583606,0.0385039,-0.0362561,-0.223412
5.269333333,-4.42019,1.43603,0.196141,-0.0706536,-0.129501,0.207451,0.278077,0.0822364,0.190555,0.228069,-0.125039,-0.0974619,0.163819,0.283009,0.00380161,0.0154231,-0.010161,-0.18327,0.117922,-0.100968
5.290666666,-4.11351,1.54052,0.0153067,0.161422,-0.244171,0.216775,0.394407,0.0359182,-0.060363,0.161322,0.0538513,-0.283072,0.194408,0.322662,0.125285,0.156304,0.156216,0.192664,0.23276,0.0179797
5.312000000,-4.39571,1.1431,-0.261944,0.013224,-0.0522404,0.415104,0.305866,-0.0665667,-0.0462272,-0.112089,-0.219166,-0.442216,0.0194584,0.22358,0.340576,0.147097,-0.247907,0.155811,0.290039,0.138803
5.333333333,-4.35715,1.47792,-0.283592,0.097999,0.108759,0.207807,0.196304,0.00592112,0.289051,0.195178,-0.318812,-0.413569,0.338329,0.237024,-0.0313442,0.0827831,0.00767977,0.12362,0.181027,0.101476
5.354666666,-4.41494,1.38043,0.0832293,0.0565519,0.51787,0.563856,0.490287,0.30273,0.493778,0.200655,0.0408219,-0.250677,0.262416,0.139255,0.100829,0.0882675,-0.0452607,0.0770539,0.0902221,0.0677039
5.376000000,-4.56957,2.12833,-0.227166,0.254561,-0.0736978,0.565683,0.296669,0.120279,0.168733,0.136221,-0.459826,-0.342461,0.117452,0.182447,0.186625,-0.0934049,-0.267611,0.250399,0.374537,0.0770792
5.397333333,-5.15709,1.40412,-0.255716,0.183855,-0.0852268,0.991176,0.230477,0.0337505,0.216018,-0.19082,-0.272872,0.0299946,0.170459,0.116097,0.165262,0.129599,-0.0881235,0.287152,0.159317,0.344591
5.418666666,-4.69354,1.77401,-0.641384,0.199022,0.139748,0.844551,0.283078,0.178138,-0.0315096,-0.138646,-0.155496,-0.0358702,0.14087,0.237406,-0.327886,0.00563833,-0.121619,0.132105,0.306674,0.0939551
5.440000000,-4.55502,1.81887,-0.518926,0.215731,-0.18366,0.701659,0.203844,0.119102,0.109012,0.205244,-0.243273,-0.0346197,0.236959,0.0364722,-0.118732,0.0951532,0.0427541,0.380601,0.153882,0.156514
5.461333333,-4.87653,1.40817,-0.466118,0.353539,-0.167772,0.689419,0.204935,0.240397,0.0857544,-0.0032271,-0.355985,0.0862104,0.475808,-0.0146016,0.0406308,0.205411,0.37469,0.369279,0.0704358,-0.0518695
5.482666666,-4.55498,1.76822,-0.693862,0.177548,-0.0809587,0.667841,0.157028,0.24452,0.295716,0.325012,-0.0684547,0.241584,0.379965,0.228561,-0.140013,-0.0504916,-0.163967,0.0984836,0.0751757,0.225779
5.504000000,-4.80076,1.90098,-0.487161,-0.0752294,-0.168249,0.724416,0.243667,0.0627209,0.0667397,0.190686,-0.06436,-0.259113,0.227208,0.337667,-0.0502638,0.138828,-0.0191594,0.205381,0.0870731,0.217319
5.525333333,-4.82273,1.65661,-0.517013,0.256993,-0.133397,0.751567,0.436279,0.350916,0.197503,0.559039,0.145207,-0.558414,-0.233758,0.092405,0.354166,0.242817,-0.0182908,-0.0132707,0.083146,0.355034
5.546666666,-4.88191,1.74871,-0.472083,0.351927,-0.339969,0.579255,0.117549,-0.00684528,-0.172218,0.331572,0.109932,-0.117589,-0.276431,0.151501,0.122548,0.192283,0.398116,0.112021,-0.0520945,0.0365304
5.568000000,-5.24648,1.50893,-0.319527,0.505212,-0.53957,0.577205,0.343832,0.0492125,-0.0966187,0.104774,0.165253,0.266911,0.0783039,-0.0400253,-0.0446154,0.247478,-0.0983473,-0.0614104,0.148698,0.182885
5.589333333,-5.4798,1.87592,0.037584,0.663615,-0.350493,0.654255,0.47945,0.293423,-0.0398397,-0.0637151,0.237483,0.148704,0.162626,-0.133194,-0.0198577,0.200438,0.265731,0.382014,0.028137,0.0992808
5.610666666,-5.98904,1.71172,-0.253395,0.263672,-0.71251,0.383041,0.541435,0.526348,-0.00928202,0.397472,0.321473,0.078965,0.0347204,-0.0753537,0.0179025,0.145005,-0.0842348,0.220384,0.026951,0.0655249
5.632000000,-6.17045,1.6095,-0.0335532,0.437391,-0.618056,0.326095,0.146062,0.0755069,-0.207115,0.310951,0.028067,0.0674488,0.449388,0.380097,-0.032553,0.127701,-0.0881118,0.426987,0.314886,0.217581
5.653333333,-7.08006,1.6902,-0.478526,0.297233,-0.518163,0.444948,0.140364,0.156387,-0.292041,0.0032616,0.0169914,0.202094,0.242184,0.567648,0.222615,-0.260677,-0.298533,0.0570346,0.292346,0.124856
5.674666666,-7.38323,2.1405,-0.145307,0.0675641,-0.542435,0.410802,0.0722442,0.163439,-0.376934,-0.27699,-0.187919,-0.0859272,0.420145,0.515262,0.284089,0.318164,0.147074,0.159163,0.154098,0.137604
5.696000000,-8.5546,2.24084,-0.0551083,-0.308466,-0.136616,0.5719,0.0729859,-0.343642,-0.869211,-0.320383,0.0454357,0.546808,0.256612,0.0934274,0.117089,0.285046,0.0703166,0.212619,0.0950121,0.0829287
5.717333333,-10.5749,1.87803,1.10697,-0.643024,0.116826,0.975951,-0.12849,-0.13954,-0.669149,0.0018838,0.277072,0.0474619,-0.256993,-0.0231332,0.0894366,0.488871,0.222821,-0.00307202,0.0218237,-0.120476
5.738666666,-12.634,0.971507,1.34744,-0.00984638,-0.0843449,0.825522,-0.0520685,0.518907,-0.268848,-0.0476452,0.308689,0.177099,-0.0451931,0.134432,-0.16494,0.0875207,-0.101517,0.0927756,0.361271,0.255539
5.760000000,-13.5108,0.535268,1.40985,0.0125274,0.0647655,0.631667,-0.145654,0.572266,0.181772,0.0923597,0.242984,-0.0602346,-0.292261,0.486163,-0.0299049,0.0337249,0.0585915,0.128121,0.111621,0.134916
5.781333333,-14.0647,0.630723,1.40663,0.504977,0.324175,0.558042,-0.120466,0.473272,0.296262,0.209524,0.252166,0.116235,-0.0219956,0.235824,-0.193652,-0.279008,0.121096,0.420847,0.0517852,0.140819
5.802666666,-14.5462,0.367366,0.82073,0.144014,-0.0728075,0.480733,-0.53543,0.585677,0.586756,0.110419,0.062827,0.0993591,0.168494,0.173446,-0.169153,-0.210723,0.167798,0.145828,-0.0612755,-0.00908852
5.824000000,-14.5524,0.747562,0.908489,0.289025,0.209448,0.495681,-0.520986,0.349423,0.532857,0.519233,0.119849,0.0375889,-0.0801226,0.302233,0.0626586,-0.16182,0.00611966,0.149864,-0.100044,0.389687
5.845333333,-14.7144,0.74132,1.05229,0.576198,0.556813,0.831142,-0.35223,0.192149,0.28631,0.577636,0.429955,0.0273697,-0.135754,0.0153208,0.12942,-0.141331,-0.128511,0.301807,0.275432,0.253944
5.866666666,-15.1414,0.640614,0.945858,0.207677,0.236395,0.364821,-0.0945553,0.596512,0.227373,0.501149,0.232024,-0.0788053,-0.0306732,0.262222,-0.0544155,0.0226954,0.228463,0.356884,0.253687,0.210804
5.888000000,-14.9553,0.899689,0.783068,0.368176,0.435401,0.367077,-0.351253,0.701643,0.506061,0.270752,0.0142663,0.0277883,0.113528,0.545876,0.0363431,0.0787762,0.283118,0.557027,0.216576,0.197116
5.909333333,-15.0495,0.880434,0.72469,0.620566,0.735314,0.473985,-0.395442,0.497818,0.313383,0.66089,0.0891293,-0.186409,0.232824,0.372924,-0.132596,-0.127378,0.0820918,0.669766,0.185255,0.0299756
5.930666666,-15.117,1.60694,1.1434,0.536902,0.791255,0.833776,-0.0745598,0.46256,0.340121,0.608887,0.0311785,-0.0386202,0.183491,0.520227,0.287343,0.0455617,0.0888206,0.30575,0.0782003,0.303675
5.952000000,-15.9283,1.23009,1.03935,0.460761,0.520822,0.411739,-0.348979,0.331616,0.348672,0.352283,0.235374,-0.194016,-0.0901146,0.346104,0.293937,0.0488883,-0.098133,0.291408,0.110659,0.353888
5.973333333,-16.4603,0.920698,1.34808,0.846876,0.690691,0.810262,-0.216928,0.0942301,0.243797,0.497108,0.517774,-0.280765,-0.216822,0.341078,0.181946,-0.238789,-0.112138,0.270565,0.100111,0.205824
5.994666666,-16.3827,0.871953,1.05304,0.643183,0.217032,0.515955,-0.0742053,0.431564,0.310139,0.852896,0.581016,-0.0961386,-0.355904,0.181622,0.389482,0.094847,-0.18149,0.270968,0.128854,-0.0754614
6.016000000,-16.3354,1.28134,0.634333,0.373856,0.6744,0.810256,-0.05451,0.40964,-0.0535865,0.743701,0.551709,0.117689,-0.0257241,0.308045,0.193981,-0.0521899,0.00920975,0.656905,0.0820519,0.145935
6.037333333,-16.2054,1.21059,0.488891,0.228451,0.726282,0.573447,-0.19531,0.726612,0.515764,0.81271,0.479237,-0.0681543,0.0427291,0.427551,-0.018992,-0.370773,-0.187355,0.471642,-0.0794123,0.0300631
6.058666666,-16.5874,1.42102,0.71997,0.111157,0.754704,0.851327,-0.548036,0.550644,0.350046,0.440248,-0.0490361,-0.231605,-0.0579502,0.246288,-0.249454,-0.107584,-0.00802787,0.300768,0.173438,0.00163296
6.080000000,-8.025,3.6434,-1.17527,0.265496,-0.101032,0.381403,0.573501,0.0383689,0.0735194,0.157781,0.234429,0.110746,0.199278,-0.1298,0.110247,0.125867,-0.127065,0.2292,0.206275,0.139357
6.101333333,-9.22541,4.58423,-0.683415,-0.35591,0.252405,0.447507,0.0403415,0.230658,-0.087258,-0.265349,-0.0779535,0.320581,0.311146,0.48017,-0.0652466,0.344959,0.0352972,0.148059,0.0952818,0.0733977
6.122666666,-12.5671,3.5624,0.463316,0.494007,0.595565,0.37967,0.503622,0.868901,-0.159862,0.483255,-0.131725,0.0221076,0.0245552,0.295247,-0.461687,-0.107797,-0.117457,0.266499,0.22221,0.453198
6.144000000,-7.74871,1.92156,-0.160587,0.965165,0.194511,0.445814,-0.093493,0.905586,0.0494893,0.122755,0.300835,0.0127942,0.395028,0.276424,-0.058214,0.0256572,-0.0349842,-0.103315,0.205968,-0.290285
6.165333333,-4.14741,2.35873,-0.462699,-0.0032059,-0.0444909,0.315952,0.029106,-0.040107,-0.127049,0.26053,0.391335,0.395444,0.36912,0.142409,0.0741296,-0.0395426,-0.120766,0.227471,0.0632957,-0.129043
6.186666666,-7.07344,3.29487,-1.04524,-0.299178,-0.261512,-0.163105,-0.0793533,-0.160747,-0.375397,0.100476,0.380484,0.318081,0.209372,-0.0172064,0.194076,0.105173,-0.00177123,0.166195,-0.0511766,0.05003
6.208000000,-9.39631,3.60885,-1.47577,-0.341818,0.00745771,0.00644927,0.0339788,-0.0621665,-0.346506,0.175154,0.234291,0.163352,0.151069,-0.142498,-0.0143179,0.174465,-0.0756971,-0.000946369,0.088407,0.240491
6.229333333,-8.95594,3.68969,-0.0331603,0.544918,0.683913,0.186562,0.250777,0.346184,0.206656,-0.308057,-0.033102,0.257165,0.206354,-0.0813062,-0.294573,0.339642,-0.0564395,0.161492,0.210951,-0.0788046
6.250666666,-6.18376,4.18757,-0.73987,0.359347,0.160529,0.455853,0.426949,-0.183969,-0.181386,-0.00404472,-0.0157032,0.250876,0.057912,-0.223201,-0.275817,-0.212251,-0.218955,0.159982,0.153568,0.0464034
6.272000000,-11.1734,4.19428,-0.21314,0.125417,0.188445,0.153803,0.00729719,0.198005,0.223645,0.392871,0.143629,0.369165,0.0667757,-0.153442,-0.000685663,0.0614848,0.0652936,0.121109,-0.17988,0.0223567
6.293333333,-12.3993,3.40902,0.0670179,0.454212,0.639289,0.266724,-0.170127,0.0988101,-0.0341096,0.196351,0.239479,0.377659,0.285381,-0.0453259,-0.0339533,0.0249106,-0.117192,0.0843943,-0.0883516,-0.0231204
6.314666666,-12.6582,3.73603,0.654612,0.042355,0.496419,0.160085,-0.174218,0.38402,0.323985,0.259891,0.360957,0.376685,0.260636,0.186874,-0.242264,-0.0367529,0.102341,0.127975,-0.00525953,0.164218
6.336000000,-12.5748,3.75545,-0.881652,-0.229169,0.867314,1.12362,-0.258278,-0.340755,-0.441665,0.804701,0.442638,0.286741,-0.43919,0.309587,-0.139897,0.222294,-0.126772,0.105322,-0.0258009,0.45842
6.357333333,-13.8023,3.60242,-0.774086,-0.540827,1.15391,1.02613,-0.160366,-0.650289,-0.288896,0.842515,0.260201,-0.156277,-0.282198,0.22756,0.357228,0.548194,-0.167157,0.15501,0.213348,0.204986
6.378666666,-14.6237,3.48201,-1.02931,-0.605029,0.712469,1.20288,-0.250329,-0.408855,-0.649127,1.02267,-0.0533464,-0.106982,-0.291614,0.145623,0.542404,0.758196,-0.394642,-0.164322,0.0409735,0.349489
6.400000000,-10.5641,3.19767,-1.175,0.11155,0.634328,1.11366,0.158458,-0.0759238,0.0355851,0.256837,-0.0901663,0.299324,-0.108766,0.268307,-0.196207,0.184919,-0.251924,-0.323008,-0.00695089,0.342223
6.421333333,-12.0672,3.45971,-0.734106,-0.184697,0.837043,1.06054,0.1852,0.155821,-0.330508,0.391138,-0.191384,-0.148131,-0.504066,0.541475,0.167766,0.151618,-0.366207,-0.324802,-0.0752551,0.256771
6.442666666,-14.3288,3.42047,-0.592532,-0.348273,0.772578,0.8734,-0.249464,-0.522015,-0.330379,0.893382,0.427532,-0.162096,-0.443378,0.127248,0.270694,0.347507,-0.292558,-0.0235355,0.13324,0.465644
6.464000000,-15.702,2.603,-0.667656,-0.217082,0.713431,0.852956,-0.173659,-0.364387,-0.141251,1.1423,0.51345,-0.152915,-0.438681,0.283842,0.576701,0.679288,-0.290114,-0.136023,0.275513,0.732589
6.485333333,-16.5419,1.87721,-0.662233,-0.189123,0.834689,0.965199,-0.180892,-0.919874,-0.0411676,1.39528,0.664808,0.158222,-0.466834,0.114746,0.468476,0.432512,-0.289747,-0.205006,0.278052,0.471965
6.506666666,-16.5444,2.09156,-0.843856,-0.36454,0.925385,0.893354,-0.259395,-0.772604,-0.322011,1.00349,0.324252,-0.0542366,-0.490995,0.101512,0.47663,0.368364,-0.275867,-0.502706,0.0642064,0.583142
6.528000000,-16.9196,1.8117,-0.757905,-0.661428,0.762242,1.02505,-0.157107,-0.676993,-0.195925,1.26315,0.561451,-0.239178,-0.675178,-0.215742,0.123644,0.402759,-0.279033,-0.193742,0.187016,0.554513
6.549333333,-17.1895,1.55647,-0.690219,-0.0501659,0.897935,0.879865,-0.380988,-0.801069,-0.363389,1.33059,0.575015,-0.229029,-0.828051,0.167824,0.297892,0.328071,-0.353963,-0.261447,0.115484,0.402301
6.570666666,-16.792,2.0722,-0.464194,-0.536445,0.694145,0.923219,-0.133172,-0.504431,-0.33013,1.14417,0.311215,0.134216,-0.478511,0.374761,0.533494,0.345758,-0.354935,-0.398736,0.167206,0.459921
6.592000000,-16.6139,2.11392,-0.419139,-0.291464,0.912386,0.943993,0.125528,-0.461518,-0.665289,1.08322,0.424514,-0.0629404,-0.666504,0.103619,0.459071,0.348139,-0.23955,-0.0378428,0.33183,0.461712
6.613333333,-16.7076,2.01602,-0.299663,-0.48276,0.712785,0.969163,-0.471553,-0.567068,-0.476702,1.44241,0.573951,0.276072,-0.702688,-0.0712357,0.312864,0.40312,-0.129526,-0.179104,0.252065,0.534503
6.634666666,-16.794,2.08379,-0.412205,-0.662463,0.791625,1.05952,-0.202669,-0.354127,-0.572896,1.18852,0.306593,0.172963,-0.725004,-0.0299107,0.596409,0.585574,-0.23413,-0.291403,0.22291,0.493462
6.656000000,-16.9933,2.06046,-0.184429,-0.490793,0.540102,0.903242,-0.0629291,-0.666151,-0.611246,1.27424,0.325542,0.073792,-1.03221,-0.0438212,0.713365,0.505173,-0.171011,-0.268139,0.144362,0.29539
6.677333333,-17.0459,2.10515,-0.32389,-0.559732,0.722607,1.09538,0.0543038,-0.533024,-0.552508,1.29813,0.518508,0.168563,-0.758028,0.198744,0.512158,0.543453,-0.128168,-0.278967,0.235073,0.383816
6.698666666,-17.2191,1.90789,-0.35389,-0.36826,0.711126,0.969453,0.100641,-0.502618,-0.441914,1.38663,0.690925,0.280788,-0.68861,0.0820156,0.528526,0.455674,-0.391849,-0.568741,0.16664,0.183899
6.720000000,-17.0765,2.06937,-0.314819,-0.407139,0.681629,1.06236,0.148757,-0.466062,-0.558862,1.05668,0.59923,0.034359,-0.900809,0.235316,0.578496,0.22656,-0.178468,-0.380237,-0.0313962,0.230182
6.741333333,-17.2044,1.74116,-0.612838,-0.205644,0.686911,0.915465,0.189443,-0.01193,-0.822522,1.1265,0.833514,-0.270271,-0.879749,0.207718,0.445096,0.27089,0.127235,-0.265004,0.431196,0.721732
6.762666666,-16.6096,1.92861,-0.943457,0.167685,0.740038,0.680393,0.328734,-0.169298,-0.788236,0.921031,0.784408,-0.0564077,-1.00735,0.244287,0.445801,-0.0206514,-0.0140796,-0.1627,0.0218219,0.413144
6.784000000,-15.1929,3.1005,-1.02714,0.0320782,0.943437,0.526309,0.559155,0.254884,-1.01551,0.518501,0.525764,-0.0405264,-0.575175,0.177013,0.148079,-0.256403,0.156284,0.124195,0.105311,0.478628
6.805333333,-16.3911,2.26406,-1.09983,-0.0532908,0.880444,0.411045,0.417849,0.493056,-0.692213,0.860158,0.923464,0.0994104,-0.747072,0.552161,0.811435,-0.21725,0.139614,0.212437,-0.201968,0.353091
6.826666666,-16.6575,2.11258,-0.857458,0.395591,0.814489,0.326271,0.471886,0.523573,-0.704841,0.799089,0.949513,-0.252701,-1.15294,0.453521,0.45037,-0.411308,0.121507,0.20102,-0.215943,0.407298
6.848000000,-17.028,1.9641,-0.936301,0.198876,0.711781,0.0526456,0.235361,0.322516,-1.06698,0.43831,1.04256,-0.126724,-0.910567,0.670716,0.727993,-0.482866,0.0121191,0.242703,-0.459567,0.0211454
6.869333333,-17.2316,1.96981,-0.936814,0.436398,0.654854,0.069247,0.175326,0.462819,-0.787165,0.400083,1.0416,-0.351683,-0.986653,0.687402,0.304557,-0.469778,0.126969,0.274625,-0.354642,0.186429
6.890666666,-17.4548,1.75627,-0.634514,0.705394,0.636167,0.00874182,0.503112,0.532777,-0.88672,0.500405,1.12244,0.0326591,-0.983335,0.769448,0.381237,-0.477542,0.15857,0.285991,-0.0752424,0.0854958
6.912000000,-16.8559,2.14804,-0.703214,0.566302,0.722487,-0.156144,0.257183,0.621877,-0.933152,0.343751,0.758492,-0.0443651,-0.927666,0.580129,0.406535,-0.506549,0.426039,0.301349,-0.356393,-0.0329697
6.933333333,-17.0386,1.86598,-0.655961,0.605917,0.698197,-0.300773,-0.00797341,0.860446,-0.772245,0.356744,0.688253,-0.213609,-0.742248,0.581327,0.408834,-0.397877,0.395694,0.425486,-0.283376,-0.0685782
6.954666666,-17.4082,1.92907,-0.624051,0.684871,0.77,-0.172607,-0.0185257,0.630174,-0.726145,0.203974,0.943757,-0.295708,-0.84486,0.647182,0.288639,-0.57333,0.43452,0.437106,-0.590036,-0.0858171
6.976000000,-17.0812,2.1823,-0.412601,0.9067,0.894438,-0.286384,0.343061,0.978495,-0.611211,0.132451,0.45139,-0.39469,-0.497454,0.781978,0.371175,-0.495617,0.353325,0.450943,-0.540195,-0.0799474
6.997333333,-17.2325,2.30759,-0.407782,0.792753,0.421116,-0.494755,0.313163,1.06773,-0.570599,0.344404,0.660818,-0.377694,-0.897087,0.605469,0.21713,-0.600007,0.142151,0.491264,-0.388815,-0.242893
7.018666666,-17.4507,2.5319,-0.527095,0.781205,0.713729,-0.468906,0.00965747,0.764744,-1.25973,0.277955,0.454497,-0.2646,-0.657803,0.713318,0.255327,-0.667823,0.396409,0.537274,-0.370049,0.00743856
7.040000000,-17.733,2.45079,-0.206091,1.07688,0.912577,-0.668864,-0.23521,1.00923,-0.785584,0.475495,0.510062,-0.323319,-0.780062,0.740139,0.175396,-0.680325,0.407063,0.399654,-0.591345,-0.133691
7.061333333,-17.6756,2.57873,-0.163183,0.737773,0.636892,-0.71182,0.0281904,1.20138,-1.01139,0.100652,0.487882,-0.245723,-0.766972,0.95924,0.085541,-0.572682,0.186037,0.404869,-0.16362,-0.141911
7.082666666,-17.7852,2.54129,-0.550797,0.835987,0.770456,-0.24401,0.00225969,1.13202,-1.10653,0.353902,0.424779,0.0495273,-0.928486,0.955008,0.241405,-0.497208,0.331292,0.481324,-0.381102,-0.239821
7.104000000,-17.8314,2.28381,-0.319178,0.777511,0.680659,-0.605427,-0.0230116,0.963677,-1.2559,0.235471,0.283332,-0.0231569,-0.967236,0.84127,0.151627,-0.738073,0.365402,0.527648,0.000496268,-0.0449112
7.125333333,-17.6463,2.51602,-0.183763,0.54637,0.515131,-0.46066,-0.0567433,1.23184,-0.883108,0.203707,0.241416,0.0447197,-0.959481,0.925586,0.370339,-0.708169,0.620437,0.43232,-0.277493,-0.290546
7.146666666,-17.7424,2.42997,-0.283606,0.786684,0.586349,-0.809626,-0.0329683,1.50631,-0.738824,0.743653,0.153758,0.156729,-0.662552,0.770187,0.266404,-0.745951,0.429156,0.285343,-0.218456,-0.280983
7.168000000,-17.6703,2.34479,-0.409497,0.762276,0.366814,-0.646518,-0.14637,0.972694,-1.33465,0.487955,0.159152,0.203063,-1.05142,0.793043,0.17315,-0.578153,0.320065,0.390037,0.00459336,-0.366566
7.189333333,-17.8334,2.39021,-0.381198,0.404335,0.411815,-0.721777,-0.00941272,1.11966,-1.21586,0.65468,0.158548,0.275787,-1.08431,0.686921,-0.0325594,-0.852075,0.551429,0.255203,-0.0893191,-0.305626
7.210666666,-17.6575,2.41302,-0.395831,0.779587,0.890438,-0.505147,-0.283046,1.28295,-1.03555,0.391947,-0.120431,0.0715445,-1.12277,0.688842,0.112935,-0.619887,0.62897,0.239737,0.0346719,-0.452719
7.232000000,-17.8652,2.27128,-0.292825,0.37169,0.531679,-0.461262,0.075232,1.48628,-1.17778,0.71757,0.178137,0.275458,-1.00119,0.659189,0.14112,-0.699967,0.58196,0.51649,-0.00578363,-0.43132
7.253333333,-17.5373,2.71038,-0.344277,0.557781,0.675133,-0.526274,-0.0715377,1.34676,-1.03009,0.844311,0.0190883,0.264273,-0.75712,1.00924,0.39159,-0.675691,0.37841,0.0611552,-0.056162,-0.27608
7.274666666,-17.8436,2.41497,-0.331372,0.342953,0.806832,-0.41486,-0.168599,1.35651,-1.12048,0.599553,0.0132129,0.368145,-0.797253,1.07292,0.261486,-0.671116,0.600817,0.132236,-0.0121199,-0.377954
7.296000000,-17.6919,2.3667,-0.0302953,0.731665,0.538609,-0.486924,0.0733616,1.21,-1.22466,0.707656,0.21621,0.425778,-1.01655,0.543664,0.0586483,-0.676358,0.509265,-0.00158959,-0.0457044,-0.475797
7.317333333,-17.5655,2.25233,-0.320098,0.545235,0.468592,-0.467834,0.0513085,1.20138,-0.826407,0.673796,0.0543215,0.159124,-1.21873,0.691125,0.294922,-0.717556,0.566224,0.0132105,-0.025551,-0.358536
7.338666666,-17.1365,2.4003,-0.399761,0.824485,0.385522,-0.501143,0.203384,1.08267,-0.929693,0.585504,-0.0654026,0.104904,-0.692471,0.829138,0.0637623,-0.27633,0.402429,-0.254913,0.0779873,-0.339036
7.360000000,-17.7038,2.58089,-0.379444,0.199521,0.383219,-0.292395,0.0491898,0.981948,-0.880157,0.524145,0.00861825,0.590817,-0.752822,0.604068,0.206168,-0.389034,0.584342,0.0913399,0.117368,-0.458797
7.381333333,-17.6924,2.8653,-0.329269,0.412556,0.661096,-0.352007,0.155034,0.857393,-0.866065,0.541487,-0.0775988,0.396651,-0.944425,0.522112,0.0930312,-0.3682,0.527306,0.0540461,0.111658,-0.407887
7.402666666,-18.1078,2.60774,-0.157597,0.358578,0.652701,-0.107667,-0.120439,0.570929,-1.0179,0.484691,0.0804143,0.238641,-0.630475,0.615863,0.179107,-0.495494,0.574794,0.0631284,-0.0136141,-0.46265
7.424000000,-17.7119,2.43071,-0.255947,0.42617,0.569773,-0.395437,-0.181461,0.651473,-0.483286,0.444256,0.276145,0.48554,-0.495467,0.743578,0.139694,-0.330446,0.446788,-0.0193989,-0.144588,-0.316982
7.445333333,-17.1717,2.19731,-0.251737,0.50757,0.44835,-0.328476,0.0536318,0.684426,-0.241248,0.241955,0.138188,0.0317161,-0.732984,0.415108,-0.0682482,-0.389381,0.282862,-0.00700856,0.10005,-1.68529e-05
7.466666666,-16.8506,2.1606,0.167326,0.458533,0.212174,-0.0557791,-0.09864,0.671701,-0.333589,0.360114,0.364849,-0.0462138,-0.684774,0.430494,0.114699,-0.390178,0.271088,0.226167,-0.21071,-0.0852971
7.488000000,-16.0714,2.40429,0.126655,0.672284,-0.468151,0.380316,-0.116435,0.792307,-0.343032,-0.0512298,0.180364,-0.181175,-0.222087,0.487309,0.257449,-0.348642,0.172688,0.345729,0.072983,-0.226726
7.509333333,-17.7559,2.68875,0.0679284,0.55257,0.371896,-0.187165,0.287356,0.82684,-0.51162,0.165526,0.517666,0.136245,-0.49801,0.356644,0.0645456,-0.438242,0.250456,0.456137,-0.0246698,-0.12752
7.530666666,-17.6804,2.02878,-0.157133,0.422416,0.643351,-0.150615,0.217737,0.617778,-0.404397,0.0662564,0.538364,-0.0853204,-0.200123,0.455717,0.220968,-0.279594,0.197774,0.268053,-0.520387,-0.13813
7.552000000,-17.4483,2.09042,-0.171215,0.587479,0.525483,-0.08383,0.449487,0.341155,-0.280843,-0.0384211,0.41555,-0.141635,-0.522463,0.122473,0.10289,-0.479894,0.115906,0.418065,-0.170248,-0.088829
7.573333333,-17.8893,2.53852,-0.410953,0.396579,0.363703,-0.238847,0.382145,0.677863,-0.521967,0.282847,0.653018,-0.166911,-0.396435,0.281005,-0.0194077,-0.48616,0.102666,0.159066,-0.459932,-0.0974581
7.594666666,-17.2258,1.79628,-0.115019,0.297245,0.376995,-0.520817,0.443484,0.719158,-0.259927,-0.0912228,0.230745,-0.490573,-0.512798,0.519973,-0.110825,-0.360786,0.190835,0.114864,-0.142247,0.131131
7.616000000,-17.1481,2.20591,-0.00351602,0.278029,0.487896,-0.50994,0.478857,0.697245,-0.129582,0.0606659,0.547208,-0.391089,-0.559339,0.410499,-0.237892,-0.438339,0.171274,0.397728,-0.409018,0.0650047
7.637333333,-17.6173,2.98731,-0.289809,0.632533,0.482739,-0.419202,0.287316,0.414272,-0.51389,0.128066,0.514791,-0.178748,-0.570799,0.359878,0.220623,-0.493835,0.141011,0.0801195,-0.288116,0.00602221
7.658666666,-17.8084,3.09064,-0.343474,0.703416,0.524305,-0.399066,0.261742,0.622129,-0.50219,0.0944868,0.561625,-0.0945505,-0.412372,0.393403,0.301713,-0.20821,0.325148,0.250494,-0.4253,-0.182221
7.680000000,-17.9001,3.16063,-0.28689,0.662551,0.390224,-0.190066,0.394198,0.713263,-0.385597,-0.00872833,0.582943,-0.273486,-0.340206,0.366647,0.0568997,-0.617004,0.366087,0.367165,-0.483879,-0.166547
7.701333333,-17.6948,2.89791,-0.666453,0.669112,0.360402,-0.269983,0.326264,0.661926,-0.452212,-0.0920968,0.671001,-0.0131811,-0.323127,0.457158,0.0416952,-0.383167,0.403879,0.345119,-0.287438,0.0454113
7.722666666,-17.5467,2.9258,-0.550994,0.842256,0.148504,-0.505016,0.413855,0.671244,-0.58893,0.22438,0.523515,-0.166108,-0.0199009,0.744719,0.0889362,-0.381861,-0.128547,0.0792444,-0.380869,0.103495
7.744000000,-15.7521,2.55765,-0.6173,0.742322,-0.757266,-0.326039,0.510024,0.471952,-0.571594,-0.171314,0.798002,-0.0472765,-0.263102,0.0149441,0.0341659,-0.271802,0.426419,0.319187,0.000355771,0.0437742
7.765333333,-15.4422,2.66554,-0.885074,0.790846,-0.0448929,-0.2848,0.230282,0.339147,-0.396311,0.0895673,0.760963,-0.142646,-0.149418,-0.00589598,-0.161976,-0.0976698,0.476708,0.431912,-0.167338,0.137114
7.786666666,-15.9329,2.90966,-0.865866,1.03071,0.563471,-0.209878,0.267502,0.566407,-0.416712,0.0254825,0.394006,0.133032,-0.06371,0.345981,0.130549,-0.113481,0.540936,-0.0231864,-0.18599,0.18674
7.808000000,-17.4807,2.5341,-0.454111,0.931637,0.406488,-0.31872,0.710258,0.754075,-0.364812,0.109694,0.399498,-0.475756,-0.245546,0.404467,-0.042511,-0.335254,0.355456,0.0559675,-0.199845,0.296216
7.829333333,-17.5829,2.86819,-0.376672,0.757777,0.465102,-0.480641,0.191992,0.538384,-0.597325,0.243197,0.639069,-0.530622,-0.227851,0.403336,-0.0265488,-0.265167,0.516006,0.0260981,-0.364459,0.189942
7.850666666,-17.5138,2.82441,-0.315047,0.959389,0.150329,-0.42686,0.411206,0.722278,-0.471282,0.168552,0.433284,-0.167862,-0.514772,0.554264,0.0104001,-0.282853,0.516605,-0.063397,-0.22704,0.275875
7.872000000,-17.0698,2.61592,-0.685232,0.920348,0.102977,-0.701051,0.333625,0.473228,-0.732973,0.163486,0.386978,-0.219764,-0.394013,0.246575,-0.270918,-0.159477,0.403845,0.0153557,-0.376221,0.035755
7.893333333,-17.4177,2.73941,-0.497048,0.759409,0.340485,-0.413938,0.221586,0.444936,-0.711888,0.476162,0.933617,-0.25078,-0.439755,0.119371,-0.337212,-0.204304,0.647147,-0.000664224,-0.206112,0.265469
7.914666666,-16.5485,2.53521,-0.164603,1.0799,-0.265199,-0.186454,0.504644,0.646192,-0.663316,0.115829,0.528917,-0.242064,-0.108848,0.562926,-0.165084,0.0433806,0.354602,-0.0485882,-0.290739,0.218455
7.936000000,-16.4415,2.40104,-0.190405,0.98675,-0.245136,-0.084449,0.375837,0.593478,-0.634089,0.318004,0.301948,-0.359064,-0.0380098,0.59341,-0.23063,-0.251943,0.401853,0.193964,-0.193546,0.0297887
7.957333333,-17.1361,2.50963,-0.210661,0.927518,0.401875,-0.395941,0.474189,0.735234,-0.706775,0.217523,0.243911,-0.208838,-0.247957,0.673872,-0.0656613,-0.308377,0.439701,0.096478,-0.102036,0.0718651
7.978666666,-15.7704,2.27815,-0.32571,0.711595,0.414932,-0.352836,0.445993,0.393744,-0.454568,0.344297,0.0555387,-0.345937,-0.363652,0.684838,0.145524,-0.186146,0.451275,-0.0984999,-0.166686,0.0422834
8.000000000,-16.01,2.07753,-0.523322,0.857358,0.712995,-0.657056,0.267601,0.614796,-0.593465,0.699146,0.0211713,-0.0297164,-0.401145,0.382036,-0.245497,-0.272337,0.620399,-0.13853,-0.0624365,-0.00856402
8.021333333,-16.9887,2.4821,-0.143895,0.736741,0.398519,-0.49675,0.0617395,0.609291,-1.06177,0.624345,0.252074,0.0825316,-0.285432,0.797582,-0.0638613,-0.298235,0.398871,-0.244577,0.0353475,0.0611238
8.042666666,-16.8779,2.69784,0.0630816,0.741598,0.525376,-0.166587,0.194371,0.57433,-0.944064,0.70604,-0.101821,0.0285702,-0.551503,0.788594,-0.236969,-0.368386,0.757757,-0.0385107,0.00985051,-0.185248
8.064000000,-16.8584,2.52091,0.0830852,0.590171,0.222674,-0.233955,0.152703,0.738685,-0.931394,0.877538,0.101972,-0.0628885,-0.502725,0.722214,-0.197282,-0.398379,0.610901,-0.275072,0.110264,-0.144181
8.085333333,-16.6373,2.38751,0.0960891,0.554111,0.525135,-0.329635,0.170548,0.572223,-1.30673,0.638448,-0.0210354,0.348095,-0.346908,0.857706,0.00278883,-0.457516,0.590889,-0.537037,-0.0296816,0.0671449
8.106666666,-16.9137,2.41492,0.390873,0.406651,0.417002,-0.248093,0.153715,0.545818,-1.22889,0.819845,-0.136737,0.151334,-0.514305,0.945103,0.0742596,-0.302991,0.836998,-0.227277,-0.00206372,-0.14245
8.128000000,-16.7002,2.25544,0.249683,0.238721,0.478155,-0.422102,0.23405,0.919735,-1.16251,0.849144,-0.240182,0.301384,-0.455577,0.714802,-0.286536,-0.637155,0.899596,-0.353397,-0.00640533,-0.165201
8.149333333,-16.5266,2.20998,0.294029,0.543327,0.782104,-0.113893,0.222017,0.980114,-1.49063,0.818108,-0.19308,0.144895,-0.642735,0.666176,-0.0284034,-0.433938,0.658065,-0.37759,0.410878,-0.0620458
8.170666666,-15.3953,1.59923,0.349618,0.702647,0.386775,-0.330119,-0.013517,0.782646,-1.34345,1.14828,-0.183599,0.112403,-0.733426,0.332601,-0.208787,-0.213121,0.563062,-0.455466,-0.00197765,-0.108954
8.192000000,-13.6268,1.6198,-0.157794,-0.0592945,0.0976131,0.115265,0.613514,0.624463,-1.15305,0.746178,-0.514906,0.452259,-0.273633,0.601331,0.00463047,-0.421958,0.428045,-0.260404,0.154731,-0.068342
8.213333333,-14.8408,1.87361,0.132054,-0.207687,0.704068,-0.00962597,-0.0858437,0.8491,-1.50997,1.20326,-0.016937,0.0112108,-0.51566,0.404683,-0.156295,-0.482672,0.261923,-0.51479,0.23599,0.22791
8.234666666,-15.7583,1.8655,0.169065,0.251643,0.545482,0.164679,-0.286333,0.515598,-1.20187,1.48466,0.333676,0.0791007,-0.844454,0.519388,0.166487,-0.120234,0.381341,-0.818913,0.252305,-0.122918
8.256000000,-14.9294,2.53502,0.0697862,-0.223973,0.344107,0.107589,-0.300409,0.345182,-0.90461,1.17441,-0.0720514,-0.0358367,-0.923809,0.594219,0.215145,0.104757,0.461476,-0.495905,0.250686,0.0521597
8.277333333,-14.9826,2.45808,-0.0560966,-0.525559,0.468763,0.314278,0.275631,0.496243,-0.724481,0.846257,-0.0525275,0.0420247,-1.05504,0.535175,0.10627,-0.0470822,0.257217,-0.545371,0.40037,0.173727
8.298666666,-15.0188,2.60925,-0.334855,-0.67334,0.348527,0.39553,0.134318,0.173187,-0.608525,0.9512,-0.286783,0.173483,-0.969444,0.397633,0.12575,-0.355569,0.112208,-0.607057,0.398259,0.10315
8.320000000,-15.6618,2.54636,-0.385209,-0.235669,0.203127,0.402704,0.266488,0.10049,-0.745643,1.03104,-0.146114,0.385239,-1.03064,0.365864,0.426449,-0.127045,0.0160149,-0.612982,0.397465,-0.0736997
8.341333333,-15.8494,2.83289,-0.0459098,-0.0451016,0.598251,0.582272,-0.0443359,-0.403872,-0.694577,1.04312,-0.124643,0.203688,-0.659084,0.41448,0.265813,0.233874,-0.0126093,-0.586769,0.608278,0.0903857
8.362666666,-16.1877,2.87732,-0.0807753,-0.386647,0.44192,0.465369,-0.270252,-0.244288,-0.544876,1.1003,-0.0378425,0.0344299,-0.688187,0.413945,0.424674,0.266316,-0.152968,-0.531766,0.563397,0.119181
8.384000000,-16.5542,2.91561,0.0298952,-0.0114873,0.766946,0.933122,-0.0956875,-0.185595,-0.154662,1.24462,0.230052,0.111287,-0.856236,0.297362,0.193286,0.219809,-0.0160235,-0.370849,0.374094,0.104294
8.405333333,-15.6876,3.06927,0.203696,-0.34293,0.208389,0.494292,0.0918627,-0.283493,-0.441956,0.900174,0.190804,-0.137122,-0.746757,0.409841,0.528604,0.0546976,-0.207228,-0.491014,0.423726,0.167359
8.426666666,-15.8022,2.69726,-0.159124,-0.15006,0.383502,0.522737,0.0434223,-0.184731,-0.571824,0.804551,0.145813,0.0927129,-0.48281,0.454917,0.560233,0.242925,-0.285342,-0.44836,0.480253,0.417915
8.448000000,-15.7437,2.61289,-0.122565,0.102467,0.502099,0.673811,0.221541,-0.256865,-0.353144,0.798937,0.236,-0.0554614,-0.700413,0.228734,0.439381,0.306357,-0.124502,-0.600074,0.0241164,0.271504
8.469333333,-15.5951,3.00365,-0.570446,-0.463122,0.807182,0.661484,-0.0625156,-0.17904,-0.0886918,0.946887,0.254772,-0.113023,-0.679855,0.0870602,0.545844,0.246829,-0.166135,-0.425562,0.278319,0.400702
8.490666666,-16.1638,2.82226,-0.309126,-0.143242,0.817068,0.606884,-0.0280699,-0.663298,-0.310517,1.02184,0.302892,-0.100363,-0.636236,0.459374,0.656865,0.239281,-0.454899,-0.161882,0.410401,0.305499
8.512000000,-16.1951,3.0706,-0.190188,-0.167035,0.480553,0.830859,0.0817151,-0.543517,-0.434126,1.03964,0.360136,-0.147742,-0.702818,0.26454,0.611389,0.347409,-0.397937,-0.458542,0.340233,0.180151
8.533333333,-16.4637,3.05619,-0.402962,0.0859529,0.6581,0.787805,0.0359616,-0.365314,-0.266357,0.933951,0.443259,-0.094938,-0.668197,0.0268942,0.658861,0.325282,-0.497442,-0.572959,0.497962,0.136817
8.554666666,-16.3617,3.47998,-0.591409,-0.101667,0.59552,0.94655,0.0217705,-0.536275,-0.327231,0.826688,0.252771,-0.0632942,-0.476251,0.0455745,0.70997,0.254808,-0.146805,-0.351928,0.490922,0.113923
8.576000000,-16.5705,3.12093,-0.433035,-0.0526811,0.788891,1.01969,0.0900519,-0.247912,-0.218397,0.792992,0.115468,-0.395027,-0.617524,0.0529293,0.656074,0.511687,-0.178293,-0.296995,0.592745,0.348292
8.597333333,-16.2859,2.99198,-0.339195,-0.310807,0.432222,0.6461,0.0870315,-0.577666,-0.0614954,0.618482,0.399313,-0.0807066,-0.430862,0.0521907,0.547488,0.358696,-0.326654,-0.734631,0.284188,0.425114
8.618666666,-15.9131,2.58324,-0.232571,-0.224616,0.798273,1.00346,-0.230496,-0.740367,-0.0298127,0.67339,0.479212,-0.0793024,-0.494892,0.0277677,0.644316,0.438094,-0.39085,-0.351694,0.114994,0.24928
8.640000000,-15.7083,2.19799,-0.217939,-0.128615,0.560246,0.749669,0.0440586,-0.636347,0.151412,0.750915,0.452371,-0.000239996,-0.494774,0.3213,0.641805,0.286927,-0.499942,-0.3604,0.251318,0.165957
8.661333333,-15.853,2.81847,-0.372067,0.0348217,0.587365,0.889775,0.180613,-0.616525,-0.0883811,0.929614,0.330798,-0.197531,-0.406364,0.237392,0.167355,0.353762,-0.370381,-0.574463,0.333836,0.345232
8.682666666,-15.9056,3.09741,-0.975753,-0.000143892,0.770698,0.750778,0.343695,-0.248418,0.0751406,0.857642,0.447069,-0.344181,-0.685416,0.215257,0.402167,0.255307,-0.401573,-0.413635,0.262723,0.346355
8.704000000,-14.6982,2.68682,-0.200088,-0.519959,0.469837,0.99375,0.179808,-0.327559,-0.147241,0.502135,0.283597,-0.339638,-0.273459,0.173681,0.330989,0.342145,-0.350092,0.014642,0.350696,0.413669
8.725333333,-14.2548,2.24914,-0.398321,-0.742429,0.252094,0.939165,0.268153,-0.0908865,0.216071,0.60835,0.551237,-0.246999,-0.213447,0.116261,0.176845,0.386741,-0.458162,-0.159166,0.201838,0.311631
8.746666666,-15.3397,3.19675,-0.823207,-0.112997,0.589611,0.835931,0.301799,-0.42621,-0.307032,0.623034,0.0668195,-0.279103,-0.500132,0.0858384,0.582429,0.36711,-0.274205,0.0657662,0.193346,0.240491
8.768000000,-16.3364,2.86627,-0.545967,0.125792,0.549261,0.532344,-0.223015,-0.467785,-0.161031,1.24628,0.612463,-0.24939,-0.714171,-0.125943,0.545124,0.407215,-0.369877,-0.158092,0.522706,0.176084
8.789333333,-16.1007,3.03408,-0.749264,-0.171765,0.736672,0.887527,-0.185242,-0.519731,-0.24157,0.636087,0.122317,-0.127687,-0.598845,0.194819,0.617869,0.174642,-0.31842,-0.326249,0.425284,0.233429
8.810666666,-14.0546,2.70989,-0.584317,-0.171007,-0.337727,0.332579,-0.530863,-0.0469395,-0.319715,0.759769,0.213996,-0.623317,-0.34565,0.236532,0.625722,0.202061,-0.449508,-0.0815642,0.293081,0.232392
8.832000000,-16.7295,2.74665,-0.702581,-0.171606,0.699812,0.943041,0.0602209,-0.529291,-0.161098,1.02207,0.285549,-0.0334308,-0.660872,0.374243,0.30233,0.608458,-0.112442,-0.405722,0.419156,-0.0766741
8.853333333,-16.5194,2.77445,-0.743052,-0.0231921,0.936003,0.953104,0.0883496,-0.260414,-0.126968,0.937196,0.222966,0.415041,-0.423148,0.287997,0.575926,0.415834,-0.264689,-0.347423,0.58342,0.217324
8.874666666,-16.32,2.95779,-0.596125,-0.489599,0.551551,0.730834,0.040845,-0.213676,-0.23733,1.17038,0.203386,0.0714576,-0.586971,0.183322,0.477074,0.12176,-0.428945,-0.598807,0.487586,-0.00071104
8.896000000,-16.3453,2.93986,-0.42973,-0.290441,0.69865,0.864945,-0.208212,-0.337681,-0.482705,1.04437,0.232174,0.274678,-0.771617,0.242913,0.436141,0.296329,-0.274018,-0.563601,0.520487,0.0662329
8.917333333,-16.1254,2.87696,-0.310699,-0.166618,0.640955,0.999448,-0.0628566,-0.154498,-0.597797,1.08108,-0.076828,-0.139335,-0.939567,0.171324,0.356555,0.111516,-0.265683,-0.619335,0.665328,0.219567
8.938666666,-15.9855,2.8817,-0.309764,-0.247926,0.599213,0.936402,-0.155802,-0.244857,-0.659741,1.27683,-0.104393,-0.0568661,-0.899128,0.00530099,0.21324,0.304364,-0.222821,-0.272029,0.818277,0.00362337
8.960000000,-15.7697,3.11847,-0.051106,-0.237789,1.01055,0.887818,-0.378175,-0.189603,-0.332161,1.2445,-0.321228,0.00318731,-0.742947,0.432634,0.456338,0.1742,-0.169287,-0.60048,0.581041,-0.0928155
8.981333333,-14.0803,1.50291,0.264989,-0.96911,0.384792,1.35773,-0.0295974,-0.25916,-0.291068,0.609898,-0.124,-0.218971,-0.408657,0.149932,0.19589,0.112865,-0.264219,-0.453206,0.454725,0.108029
9.002666666,-14.7217,2.4415,0.0480789,-0.436195,0.700411,0.706162,-0.292161,-0.0806474,-0.662782,1.31947,-0.0383604,0.248832,-0.656867,0.350954,0.537429,-0.0963432,-0.231629,-0.566983,0.352059,0.0883941
9.024000000,-13.7147,1.96087,0.307653,-0.978997,0.675582,0.582705,-0.198665,-0.16566,-0.278366,0.784903,-0.117235,-0.138131,-0.466654,0.164295,0.596932,0.03782,-0.249218,-0.466736,0.451641,0.194113
9.045333333,-12.3976,2.2001,0.392333,-0.961921,0.685345,0.553149,0.230752,0.353983,0.0364581,0.493703,0.326239,0.22941,-0.566793,-0.155814,0.296888,-0.00442776,-0.239686,-0.373454,0.328523,0.161363
9.066666666,-15.1862,2.29311,-0.102029,-0.803852,0.674409,0.82553,-0.381349,0.12,-0.482131,1.59644,-0.278484,0.129344,-0.733102,0.298004,0.672942,0.128522,-0.0859491,-0.607008,0.474513,-0.00755069
9.088000000,-12.5531,1.76311,-0.10035,0.600272,0.0606209,0.413314,-0.410423,-0.430089,-0.416538,0.885934,-0.158228,-0.164622,-0.676469,0.0833123,0.36775,0.337203,0.210027,-0.176549,0.662222,-0.014404
9.109333333,-13.0774,2.34362,-0.245153,-0.196753,0.452097,0.581881,-0.477743,0.440314,-0.244903,0.722996,0.14814,0.208625,-0.345915,0.171199,0.326126,0.266588,0.224603,-0.107614,0.351939,0.011397
9.130666666,-15.6508,2.58699,0.00921438,-0.0985276,0.722999,0.850759,-0.349345,0.197496,-0.476081,0.770795,-0.407226,0.102563,-0.674099,0.117217,0.545005,0.218862,0.13079,-0.473127,0.334631,-0.273877
9.152000000,-15.9695,2.8371,0.0882499,-0.232329,0.523957,0.717403,0.135697,0.111153,-0.41494,0.777416,-0.288561,0.256026,-0.728019,0.0251509,0.104234,0.0370621,0.137516,-0.415045,0.178777,-0.221771
9.173333333,-16.2008,2.61424,0.0507794,-0.219288,0.534407,0.597063,0.140409,0.255438,-0.271292,0.70524,-0.00281527,0.373012,-0.398815,0.315591,0.273294,0.163145,0.146948,-0.534768,0.325767,-0.0203516
9.194666666,-16.217,2.85939,-0.0465345,-0.152325,0.439537,0.930454,0.442419,0.161062,-0.389605,0.710885,-0.062582,0.238959,-0.625896,0.0850315,0.126424,0.261578,0.101987,-0.490984,0.454509,0.051215
9.216000000,-16.2817,2.81666,0.0612938,-0.215939,0.369808,0.549061,0.100865,0.0624522,-0.251253,0.919926,0.196312,0.349376,-0.568944,-0.0600203,0.292782,0.317771,-0.00784536,-0.495825,0.0852244,0.054879
9.237333333,-16.2068,2.81627,-0.158531,-0.131798,0.347354,0.637985,-0.153192,-0.186342,-0.296611,0.746106,0.116927,0.0964269,-0.438753,0.180001,0.0677656,0.278163,-0.147853,-0.515462,0.233832,0.0678047
9.258666666,-16.7503,2.91345,-0.0796808,-0.234487,0.737001,0.726579,-0.0997931,-0.198057,-0.473727,0.301828,0.110616,0.236429,-0.298699,-0.010509,0.366363,0.432484,0.130746,-0.421566,0.215057,0.123445
9.280000000,-16.3918,2.85855,-0.0541811,-0.084741,0.585036,0.897078,0.185742,0.261331,-0.0791879,0.553893,0.293077,-0.0248901,-0.511181,-0.0280971,0.263931,0.322704,0.187848,-0.388137,0.0720875,0.202874
9.301333333,-16.5079,2.90072,-0.178029,-0.0624769,0.454889,0.454806,0.166033,-0.0366617,-0.321876,0.101175,0.160043,-0.0220105,-0.47786,-0.0235528,-0.114067,0.376013,-0.0757901,-0.512792,-0.0762133,-0.0084302
9.322666666,-16.3771,2.74752,-0.228467,-0.195568,0.308865,0.458936,0.140046,-0.040074,-0.201896,0.0512465,0.170827,0.233908,-0.385384,-0.137221,0.0884789,0.139074,-0.121866,-0.373569,-0.0731315,0.304009
9.344000000,-16.366,2.93827,-0.0914263,0.482322,0.456848,0.672538,0.183959,-0.133777,-0.308935,0.262698,0.370665,0.221011,-0.420542,-0.123688,0.552167,0.298542,-0.164735,-0.319954,0.0359057,0.206626
9.365333333,-16.477,3.09194,-0.1577,0.124585,0.250152,0.352773,0.134173,0.0823654,-0.220573,0.44175,0.414541,-0.0630641,-0.359978,0.127109,0.357701,0.218511,0.0377091,-0.356892,0.097872,0.143645
9.386666666,-16.6635,3.3018,-0.414508,0.146585,0.491303,0.804582,0.227463,-0.257552,-0.0990374,0.457978,0.0770145,-0.265538,-0.114771,0.310741,0.309466,0.400117,0.04302,-0.390031,-0.180679,0.213168
9.408000000,-16.9079,2.76452,-0.440349,0.0940696,0.464375,0.813143,0.232065,-0.189383,-0.155749,0.366912,0.251902,-0.0674247,-0.00697644,0.168533,0.204993,0.291664,-0.0685061,-0.402286,0.0816227,0.38551
9.429333333,-16.9655,3.08889,-0.317695,0.0278189,0.175185,0.387779,0.356137,0.137542,-0.133988,0.632723,0.244548,-0.249947,-0.308853,0.0175339,0.361875,0.51226,0.258314,-0.180183,-0.00156392,0.231408
9.450666666,-16.7342,3.31547,-0.227493,0.214707,0.64128,0.692899,0.215988,-0.0555986,-0.0655856,0.369647,0.0711683,-0.0973487,-0.308097,0.00152897,-0.0636401,0.203225,-0.00279715,-0.231067,0.0447851,-0.00420588
9.472000000,-16.7065,3.17499,0.0233091,0.270672,0.174498,0.208994,0.225591,-0.103454,-0.14903,0.100633,0.0530843,0.126915,-0.136595,0.173327,0.403151,0.176502,-0.180937,-0.179533,-0.132733,0.164488
9.493333333,-16.2999,2.86927,-0.217628,0.646227,-0.00253172,0.725667,0.117882,-0.127119,0.10006,0.22798,0.113935,-0.132418,-0.377749,0.0415806,0.14062,0.120476,0.0600718,-0.580691,-0.158715,0.100972
9.514666666,-15.7403,2.70315,-0.0369982,0.755944,-0.115774,0.880154,0.260584,-0.230427,0.202187,-0.161864,0.166865,0.0856302,-0.497613,-0.04495,0.0577552,0.0973491,-0.198308,-0.377593,0.103726,0.391891
9.536000000,-14.4937,2.80955,-0.511296,0.339146,-0.516197,0.859182,0.529011,-0.484469,-0.220376,-0.469846,0.208432,0.274286,-0.274913,0.443295,0.128524,0.00980911,0.237224,-0.0448609,-0.0816205,0.272102
9.557333333,-15.4824,2.16731,-0.280567,0.887875,-0.00214167,1.003,0.418571,-0.695055,-0.143006,-0.00668845,0.167082,-0.0762788,-0.446563,0.0305429,0.248842,0.151817,-0.0859471,-0.00783325,-0.137467,0.152075
9.578666666,-15.4497,2.54616,-0.173911,0.896565,-0.470229,0.590906,0.410575,-0.507235,0.1664,0.103948,0.102701,-0.143343,-0.427972,-0.0791266,0.431739,0.235185,-0.152658,-0.0861389,-0.246347,0.281502
9.600000000,-15.5765,2.25084,-0.242372,0.64295,-0.476532,0.645922,0.318327,-0.587044,0.113309,0.0847595,-0.0842033,0.0914191,-0.362093,-0.290122,0.424875,0.237174,-0.0828102,-0.00649366,-0.198775,0.189872
9.621333333,-15.2173,2.34964,-0.560057,0.507245,-0.395855,0.859274,0.130683,-0.812168,0.110403,0.0601293,-0.196966,-0.127369,-0.491118,-0.19839,0.442965,0.170351,0.212126,0.0425767,-0.115498,0.178349
9.642666666,-13.5223,2.37163,0.101054,0.179464,-0.518902,0.818157,-0.00239051,-0.0220898,0.0937751,0.482044,0.197868,-0.167393,-0.31355,0.034719,0.26195,-0.17007,-0.13013,-0.241799,-0.117277,0.116525
9.664000000,-15.2146,2.29051,-0.292447,0.666268,-0.311749,0.825273,0.397541,-0.744965,0.0100718,0.417784,-0.0719712,-0.0245586,-0.306235,-0.294714,0.208472,0.0444232,0.11027,-0.101842,-0.247377,0.313956
9.685333333,-15.4846,2.40111,-0.317988,1.05184,-0.122309,0.763286,0.8796,-0.409557,0.0747239,0.572097,-0.110665,-0.156329,-0.502783,-0.247024,0.131071,0.233105,0.15538,-0.0800344,0.111721,0.191257
9.706666666,-15.4184,2.19529,-0.326839,0.913346,-0.418172,0.555356,0.292109,-0.848418,-0.0897728,0.498055,0.017345,0.182198,-0.100557,-0.263866,0.0236274,0.606811,0.273749,-0.0495406,0.123671,0.0339806
9.728000000,-14.9552,2.31886,-0.241735,1.14754,-0.0410464,0.986929,0.307748,-0.710833,-0.185021,0.258124,0.0433699,0.0301897,-0.288728,-0.107841,0.137355,0.25192,-0.0511713,-0.154008,0.0445102,0.194433
9.749333333,-15.0707,2.07605,0.381394,0.927572,-0.618746,0.696013,0.320714,-0.669966,0.106967,0.170196,0.212296,0.156753,-0.386985,-0.310432,0.112235,0.252839,0.235251,-0.0243561,-0.0164936,0.183715
9.770666666,-14.3398,2.40401,-0.462427,0.208667,-0.408275,0.735617,0.823323,-0.480477,-0.227324,-0.187478,-0.195587,0.403056,-0.118262,-0.207295,0.112116,0.387239,0.0211141,-0.121764,0.0805424,-0.0421167
9.792000000,-14.6176,2.26466,-0.48172,0.845941,-0.457772,0.528986,0.514555,-0.545236,-0.246307,0.163626,-0.0573124,0.0395082,-0.555783,-0.341294,0.0586823,0.3416,0.168484,-0.429791,-0.191964,0.00216277
9.813333333,-15.0026,2.17313,-0.12938,1.02469,-0.779826,0.560504,0.433541,-0.500011,-0.235783,0.488257,-0.061066,-0.117512,-0.578636,-0.136901,0.223027,0.711491,0.290977,-0.52003,0.0597234,-0.0572801
9.834666666,-14.7668,2.18443,-0.0541119,0.794427,-0.455201,0.591139,0.610376,-0.242714,-0.261509,0.298491,-0.0652102,-0.0135005,-0.620304,-0.243365,0.046188,0.394598,0.266206,-0.373993,-0.205261,0.131014
9.856000000,-14.8151,1.88546,-0.235554,0.782011,-0.213062,0.624926,0.813359,-0.170113,-0.223799,0.383528,0.019954,0.00153852,-0.473721,-0.0549041,-0.11831,0.450886,0.327418,-0.273584,0.0509015,-0.0063985
9.877333333,-14.7047,1.83923,-0.0399966,0.800884,-0.125665,0.68077,0.453089,-0.137626,-0.335071,0.460143,0.201102,0.152807,-0.467473,-0.320538,0.0932159,0.29511,0.322594,-0.0125226,0.082814,-0.0549564
9.898666666,-14.5441,1.98912,0.0142064,1.25279,-0.316072,0.735884,0.767636,-0.207541,-0.220539,0.544288,0.270077,0.314184,-0.452349,-0.255212,0.00985763,0.05303,0.200725,-0.411558,-0.000483209,-0.0929877
9.920000000,-14.9004,1.80128,0.173759,1.0278,-0.177178,0.887603,0.526486,-0.315187,-0.264475,0.194512,0.046032,0.385912,-0.564185,-0.201956,0.0394988,0.609469,0.202909,-0.345235,-0.022054,-0.152916
9.941333333,-14.5612,2.1124,-0.230869,0.88956,-0.102767,0.688059,0.41421,-0.456529,-0.266542,0.352802,-0.288014,0.304548,-0.312491,-0.378671,-0.0387032,0.403614,0.0483777,-0.378013,0.0296243,-0.100064
