0.000000000,0,0,0,0,0,0,0
0.010666666,0,0,0,0,0,0,0
0.021333333,0.0724375,0.0300403,0.00348803,0.0139591,0.00120637,0.000147248,2.28219e-07
0.032000000,1.3136,0.507784,0.256539,0.110164,0.0752178,0.00776575,1.30015e-06
0.042666666,1.77893,0.311308,0.340733,0.421965,0.234285,0.0637338,2.7493e-06
0.053333333,1.41829,1.82115,1.12659,0.330956,0.328129,0.0456679,4.19977e-06
0.064000000,1.53105,2.30898,0.432655,0.524786,0.109734,0.0901005,4.82927e-06
0.074666666,5.67277,1.72794,0.549505,0.287288,0.16907,0.0346375,5.59812e-06
0.085333333,3.35283,0.528358,1.70275,0.509359,0.053652,0.0558902,1.72215e-06
0.096000000,4.65905,2.32001,2.07132,0.557069,0.096345,0.0265485,4.68422e-06
0.106666666,3.79322,1.04766,2.1021,0.230204,0.162996,0.033473,2.22223e-06
0.117333333,1.14416,2.13063,0.399917,0.326262,0.182639,0.0187548,1.78852e-06
0.128000000,0.912362,0.787068,0.521957,0.124347,0.0656739,0.016503,2.68234e-06
0.138666666,4.72702,3.51336,0.903713,0.760013,0.213073,0.0113512,3.54191e-06
0.149333333,1.12011,1.20048,0.685284,0.577097,0.0920611,0.0322469,4.89974e-06
0.160000000,1.48408,2.57772,0.411232,0.188116,0.112758,0.015375,2.29934e-06
0.170666666,4.14427,2.05695,0.905247,0.221241,0.0966873,0.0306782,2.90661e-06
0.181333333,1.07074,4.36946,0.691916,0.340131,0.168569,0.0484852,4.48193e-06
0.192000000,11.0599,0.826058,1.73862,0.258154,0.168675,0.0878455,4.51569e-06
0.202666666,6.4677,1.38498,0.432727,0.800436,0.270454,0.0222179,2.89233e-06
0.213333333,2.42121,4.22014,0.375149,1.32571,0.108542,0.00969139,6.08025e-06
0.224000000,2.14267,1.88224,0.585521,0.283499,0.283186,0.0189464,2.53759e-06
0.234666666,3.35492,2.14597,0.512167,0.63801,0.026516,0.00754681,3.62116e-06
0.245333333,0.289778,0.833591,1.3192,0.521327,0.132421,0.00984131,3.48034e-06
0.256000000,0.976892,1.91895,0.685826,0.604472,0.187244,0.0105071,2.68658e-06
0.266666666,1.9749,1.28373,0.302556,0.842441,0.0674943,0.0122911,4.06889e-06
0.277333333,0.563403,0.623715,1.34254,0.0360447,0.116995,0.0227164,2.86954e-06
0.288000000,1.48773,2.23118,1.21117,0.628911,0.215743,0.00197488,3.75649e-06
0.298666666,2.01566,2.67491,0.259267,1.03187,0.196825,0.0024201,4.77871e-06
0.309333333,2.44558,2.02443,1.59941,0.570372,0.119239,0.00944953,4.51116e-06
0.320000000,2.16904,3.81757,0.855502,0.109121,0.172286,0.00868596,3.77352e-06
0.330666666,4.06547,2.09568,0.492963,0.691977,0.133243,0.00903311,4.3801e-06
0.341333333,2.66605,1.88806,0.306752,0.787907,0.121112,0.013051,2.34526e-06
0.352000000,7.26778,2.24351,2.29977,0.242631,0.110926,0.0119373,1.89275e-06
0.362666666,1.60438,1.40175,1.23422,0.72793,0.0547864,0.00227116,4.00006e-06
0.373333333,1.53985,1.66459,0.386569,0.359328,0.10837,0.00375139,2.34205e-06
0.384000000,0.239204,1.50869,0.957396,1.16649,0.209587,0.0035701,3.19561e-06
0.394666666,0.679758,1.54126,0.713937,0.636205,0.205003,0.0101996,3.20132e-06
0.405333333,0.187061,6.68304,1.2203,0.670343,0.087966,0.0418158,4.9449e-06
0.416000000,6.56908,0.296966,1.94117,0.522574,0.663295,0.0597434,7.87172e-06
0.426666666,0.446097,5.67232,1.09548,0.480969,0.217425,0.013438,6.27176e-06
0.437333333,2.58857,2.54728,1.7408,0.419204,0.288333,0.022094,1.72747e-06
0.448000000,1.77013,1.22883,1.29646,0.553823,0.269743,0.0400149,5.49876e-06
0.458666666,2.84122,2.56444,0.587692,1.20707,0.163529,0.026494,2.82728e-06
0.469333333,4.95082,0.880499,0.493733,0.579661,0.113425,0.0176022,5.37441e-06
0.480000000,2.02457,3.5245,1.11531,0.469733,0.284506,0.0101022,3.03229e-06
0.490666666,3.87937,2.1997,0.849781,0.0672743,0.0554987,0.00612663,2.37443e-06
0.501333333,1.58788,2.19881,1.5484,0.788277,0.185476,0.018004,4.49667e-06
0.512000000,0.108427,1.76453,0.465465,0.602667,0.141378,0.0265363,2.32672e-06
0.522666666,0.750572,3.79047,0.739825,0.574389,0.0623035,0.0210708,4.88727e-06
0.533333333,0.082629,1.60474,0.341866,0.661197,0.11289,0.0191516,2.21861e-06
0.544000000,2.73221,3.80266,0.463039,0.643901,0.211022,0.0339863,3.03147e-06
0.554666666,1.53781,7.13321,0.261636,0.831078,0.188734,0.0209989,3.0612e-06
0.565333333,0.0205514,2.51208,0.188541,0.504092,0.0671629,0.019543,3.75882e-06
0.576000000,0.136142,2.40942,0.259702,0.39792,0.178867,0.00738205,3.90033e-06
0.586666666,3.30103,3.98425,0.466002,0.572712,0.271042,0.00632775,2.52914e-06
0.597333333,1.89652,2.38795,0.733284,0.821152,0.116286,0.0242611,1.76698e-06
0.608000000,2.99911,3.23799,0.236993,0.465548,0.241442,0.0192291,2.93362e-06
0.618666666,5.00819,0.963239,0.338067,0.798284,0.221926,0.0860013,4.74263e-06
0.629333333,4.71578,1.96534,0.689461,1.02608,0.324692,0.0741423,3.40672e-06
0.640000000,2.35767,2.35538,0.417437,0.238458,0.0979652,0.0257722,2.67216e-06
0.650666666,2.65379,2.49807,1.43004,0.534498,0.1582,0.00631504,2.40433e-06
0.661333333,0.769178,2.67379,0.639736,0.868585,0.115504,0.014515,2.7366e-06
0.672000000,2.73476,1.57873,0.743907,0.632822,0.109232,0.0180308,3.43084e-06
0.682666666,0.591421,0.989064,0.816834,0.369712,0.052032,0.00673884,2.81424e-06
0.693333333,5.43067,3.43294,0.642734,0.981361,0.112434,0.00805946,2.79462e-06
0.704000000,3.24137,3.38189,0.906924,0.198568,0.237633,0.0054691,3.30379e-06
0.714666666,0.942604,0.22693,0.951458,0.331173,0.266654,0.00539373,2.42072e-06
0.725333333,2.52258,0.347927,1.14641,0.640603,0.160856,0.00251265,2.49435e-06
0.736000000,1.34996,1.47225,0.407325,0.503157,0.0573977,0.00405839,2.18052e-06
0.746666666,3.80141,1.5608,0.338536,0.536354,0.133598,0.0039425,2.13557e-06
0.757333333,0.155119,0.695217,1.35846,0.297237,0.202843,0.00607971,2.54682e-06
0.768000000,1.65412,0.128378,0.0622784,0.480138,0.161303,0.00386003,1.72687e-06
0.778666666,5.40871,0.132583,0.151138,0.158086,0.0962834,0.00553889,2.10826e-06
0.789333333,2.74877,1.12049,0.420531,0.357991,0.0315537,0.0036015,1.78167e-06
0.800000000,0.345623,0.677928,0.331585,0.0488289,0.134445,0.00169513,1.99165e-06
0.810666666,5.08958,1.01118,0.4078,0.291793,0.0672975,0.00144051,1.58054e-06
0.821333333,0.536292,0.889011,0.389473,0.318355,0.148759,0.00595147,1.78077e-06
0.832000000,4.4395,2.02799,0.230788,0.160199,0.0180172,0.0859694,1.82125e-06
0.842666666,4.6289,5.72497,1.36297,2.10833,0.156278,0.0669511,5.89412e-06
0.853333333,0.780975,3.28856,0.592843,0.129356,0.194523,0.0451295,7.73021e-06
0.864000000,3.8918,0.853261,1.07159,0.707271,0.228554,0.0125827,5.14875e-06
0.874666666,1.46743,0.66068,0.390596,0.76171,0.18703,0.0168166,4.93207e-06
0.885333333,0.305442,0.659326,1.14039,0.277516,0.17199,0.00782533,3.43955e-06
0.896000000,5.76285,2.58981,0.718383,1.94011,0.074498,0.015321,5.33936e-06
0.906666666,2.11209,0.333556,0.407479,0.316678,0.160161,0.0115004,4.14993e-06
0.917333333,1.16202,0.997041,1.04965,0.554266,0.172626,0.0141979,2.55348e-06
0.928000000,1.30785,1.77848,0.966154,0.30599,0.0144631,0.00751046,2.36476e-06
0.938666666,1.36349,1.99236,0.642125,0.839659,0.08588,0.0121121,2.73755e-06
0.949333333,0.225587,1.1584,0.472896,0.946334,0.149674,0.00282584,2.09278e-06
0.960000000,2.13277,2.14477,0.791546,0.810556,0.0237667,0.00570541,3.53883e-06
0.970666666,5.80212,1.58766,0.432822,0.509642,0.112415,0.0199276,2.2185e-06
0.981333333,2.45936,0.634063,2.07872,0.392112,0.164722,0.00893184,1.51627e-06
0.992000000,0.254014,0.352562,1.09465,0.731124,0.289924,0.00438864,2.42137e-06
1.002666666,2.34972,1.79109,0.272969,0.472243,0.209559,0.00719053,2.55018e-06
1.013333333,0.0726088,1.13217,0.530013,0.735802,0.140218,0.00786429,3.8374e-06
1.024000000,1.33442,2.00587,0.74273,0.566709,0.0311041,0.00800362,2.29905e-06
1.034666666,4.68408,2.66515,0.370773,0.444541,0.00732287,0.00254996,3.91081e-06
1.045333333,1.83985,0.723875,0.37075,0.351271,0.0285333,0.00256302,2.45943e-06
1.056000000,3.63653,2.35564,0.158752,0.117657,0.107187,0.0103433,2.38907e-06
1.066666666,3.78027,1.50622,1.25409,0.320516,0.378433,0.0385161,5.06564e-06
1.077333333,3.83806,2.22335,1.01748,0.671991,0.496387,0.0735292,4.37834e-06
1.088000000,5.45781,1.30808,2.16887,0.416362,0.207075,0.00545625,3.71434e-06
1.098666666,6.85791,2.38167,0.333438,0.628829,0.18708,0.0236293,3.09169e-06
1.109333333,4.66244,1.32003,0.473367,0.320254,0.124824,0.010454,2.63552e-06
1.120000000,0.421789,2.11086,0.881014,0.986514,0.386524,0.0264438,2.67226e-06
1.130666666,5.33028,1.8462,0.915688,1.02682,0.336322,0.0173304,2.7716e-06
1.141333333,2.91857,1.08932,0.703202,0.548926,0.199463,0.0418134,4.09105e-06
1.152000000,0.478914,4.33949,0.910399,0.208953,0.247556,0.00725186,3.76864e-06
1.162666666,0.836533,3.94706,1.04625,0.181308,0.16315,0.00657566,2.36932e-06
1.173333333,5.0772,0.599097,0.853123,0.556572,0.327019,0.00561816,4.04436e-06
1.184000000,3.69012,1.58885,0.605012,1.0195,0.139258,0.00536107,3.13626e-06
1.194666666,3.96621,2.48464,1.0424,0.621725,0.202608,0.00594198,3.09996e-06
1.205333333,3.83935,1.54166,1.08346,0.557683,0.376449,0.00731651,4.25522e-06
1.216000000,4.58958,0.983534,0.616195,0.37212,0.0545108,0.0184479,3.55051e-06
1.226666666,6.30417,0.402704,1.57352,0.150381,0.0279899,0.0140334,3.68891e-06
1.237333333,1.47775,1.97398,0.881683,0.230062,0.0360082,0.0058288,2.12753e-06
1.248000000,0.0114701,1.26685,1.30966,0.397605,0.0593781,0.00563026,3.97632e-06
1.258666666,7.49721,1.75216,0.506409,0.218564,0.034261,0.0028311,2.03595e-06
1.269333333,2.91115,0.825505,0.885228,0.468935,0.0312671,0.00315735,3.14919e-06
1.280000000,6.96149,1.99368,1.55522,0.715293,0.0395462,0.00706571,3.89072e-06
1.290666666,5.29866,2.10769,0.863724,0.196433,0.0153161,0.00292308,3.77146e-06
1.301333333,3.99385,1.28108,0.482046,0.245605,0.178549,0.0142412,4.46877e-06
1.312000000,8.5359,6.413,2.40802,0.980654,0.195984,0.116046,4.91356e-06
1.322666666,6.02419,5.08846,2.48767,0.463915,0.441846,0.0226743,2.2268e-06
1.333333333,4.7273,2.46263,1.16203,0.299196,0.0155307,0.00992902,3.924e-06
1.344000000,3.50112,1.36051,1.9065,0.936394,0.0913456,0.0127621,2.04317e-06
1.354666666,5.25554,2.11686,1.67124,0.138062,0.0664517,0.0150789,2.24898e-06
1.365333333,6.04464,2.13294,2.07461,0.546453,0.211376,0.016495,2.74103e-06
1.376000000,4.06876,1.74672,0.987266,0.344219,0.170227,0.0128631,3.27992e-06
1.386666666,1.41223,1.85627,0.69884,0.458596,0.145614,0.00769351,2.95613e-06
1.397333333,3.25646,0.879135,1.1452,0.754692,0.0174993,0.0203213,3.48084e-06
1.408000000,0.931108,1.6312,1.43716,0.482568,0.144155,0.0340891,2.97805e-06
1.418666666,5.97112,0.901658,3.8709,1.1792,0.222786,0.0804683,4.12258e-06
1.429333333,1.21462,2.39554,1.41261,0.898693,0.149131,0.023959,3.20546e-06
1.440000000,0.846901,1.16585,0.559054,0.115682,0.275329,0.017242,5.06408e-06
1.450666666,3.13674,0.45764,0.802351,0.836796,0.0350307,0.00743828,5.64768e-06
1.461333333,0.538275,0.532558,0.899622,0.518897,0.26464,0.0190614,4.45137e-06
1.472000000,1.89862,1.19203,1.64126,0.586359,0.244488,0.0204389,4.28339e-06
1.482666666,5.43713,0.704403,0.522179,0.182299,0.389644,0.044803,3.2677e-06
1.493333333,4.22223,0.128652,0.643722,0.536867,0.353925,0.0166555,3.38381e-06
1.504000000,2.4848,0.740342,0.832106,0.490336,0.036432,0.0138772,4.04952e-06
1.514666666,5.66996,0.161601,1.45368,0.521194,0.229496,0.0103664,3.09247e-06
1.525333333,5.6715,1.89606,1.11281,0.346829,0.300995,0.00621138,3.37918e-06
1.536000000,1.24835,3.04492,2.09753,0.603995,0.120511,0.0135489,2.07793e-06
1.546666666,0.212566,4.73134,1.93861,0.924241,0.262251,0.00648755,3.82177e-06
1.557333333,2.42281,1.29968,1.6718,0.493952,0.30132,0.00721819,2.8669e-06
1.568000000,2.66858,1.12956,1.29479,0.847065,0.25836,0.013713,2.02719e-06
1.578666666,2.43698,1.85746,1.18342,0.791899,0.101749,0.00576696,4.15941e-06
1.589333333,0.770168,0.498261,2.31285,0.957644,0.197879,0.0348229,4.30696e-06
1.600000000,0.397156,0.781254,3.18091,0.529748,0.308261,0.0246578,3.51848e-06
1.610666666,5.50008,0.800591,0.850734,0.296125,0.0420261,0.00354643,2.84269e-06
1.621333333,2.5117,2.6561,2.01693,0.966104,0.0890275,0.0169561,2.25489e-06
1.632000000,1.22827,1.83672,0.739967,0.886736,0.33646,0.0607531,2.1699e-06
1.642666666,2.25858,2.29653,1.73182,0.0897332,0.172371,0.0572661,4.09595e-06
1.653333333,4.09916,3.68718,1.94197,0.432967,0.0534058,0.029375,3.77972e-06
1.664000000,1.37306,0.651468,1.25547,0.914352,0.145267,0.00697693,4.48347e-06
1.674666666,0.0395243,1.77421,1.01035,0.378965,0.0847057,0.0119262,3.24623e-06
1.685333333,2.60632,0.345338,0.259833,0.422623,0.241302,0.00892964,3.24278e-06
1.696000000,5.60492,1.07272,1.19032,0.808426,0.201125,0.0301144,3.27839e-06
1.706666666,1.8403,1.75551,0.64024,0.701525,0.22477,0.0124461,2.17374e-06
1.717333333,2.01954,0.616456,0.501815,0.923116,0.2262,0.0145717,3.71789e-06
1.728000000,4.35509,0.939991,0.420513,1.25366,0.217106,0.00910771,2.52361e-06
1.738666666,1.38102,0.158835,0.608794,1.04746,0.183786,0.0148315,1.90846e-06
1.749333333,6.17456,0.653467,0.527931,0.349277,0.0884477,0.0103527,1.97779e-06
1.760000000,2.40388,1.5676,1.0452,0.240497,0.151656,0.0241846,1.86128e-06
1.770666666,0.678713,2.52126,0.671686,0.680944,0.666781,0.127005,6.91216e-06
1.781333333,2.56898,2.4416,0.472178,0.517835,0.067833,0.106397,3.32669e-06
1.792000000,1.69225,1.89176,0.623639,0.165054,0.184002,0.0471866,1.98472e-06
1.802666666,3.74943,3.02644,0.162745,0.153558,0.231707,0.026538,1.83788e-06
1.813333333,0.00516428,1.27775,0.137235,0.462371,0.187525,0.0287391,1.77731e-06
1.824000000,1.32406,1.03159,0.575079,0.914299,0.0408864,0.00729242,2.82254e-06
1.834666666,1.17574,1.36116,0.374223,0.0831512,0.23619,0.00390516,3.16218e-06
1.845333333,2.45996,0.665227,1.22496,0.63759,0.243902,0.0103663,1.91689e-06
1.856000000,1.57099,0.794425,0.131838,0.235824,0.0450111,0.0116089,1.92174e-06
1.866666666,2.18097,1.05151,0.404396,0.171413,0.213363,0.0440758,2.85722e-06
1.877333333,1.13763,1.92949,0.654684,0.163143,0.247331,0.0119022,1.87542e-06
1.888000000,1.76555,1.05158,0.401171,0.278603,0.0923786,0.0268774,1.93971e-06
1.898666666,4.16377,1.88883,0.0449122,0.17654,0.0501737,0.00324466,1.35303e-06
1.909333333,6.411,0.799948,1.2103,0.439257,0.132729,0.00848251,3.47888e-06
1.920000000,0.0374028,0.531506,0.805717,0.745035,0.132991,0.00957687,1.76949e-06
1.930666666,0.696739,1.50756,0.536533,0.695597,0.258102,0.0234029,3.27984e-06
1.941333333,3.64667,1.27398,0.429652,0.18815,0.0671542,0.0265722,2.96036e-06
1.952000000,1.56274,0.215147,0.600335,0.389852,0.261023,0.030733,2.65523e-06
1.962666666,0.0501481,0.509901,0.170003,0.246427,0.0905048,0.0122787,3.55362e-06
1.973333333,0.166678,0.76202,0.250892,0.489502,0.202223,0.0325664,1.77589e-06
1.984000000,0.339356,0.544268,0.558933,0.523251,0.260468,0.00617759,1.64537e-06
1.994666666,2.29106,0.944129,0.622352,0.586427,0.130023,0.00834306,2.35691e-06
2.005333333,1.18243,0.659271,0.577831,0.254157,0.210312,0.00554216,3.90685e-06
2.016000000,0.541861,2.87068,0.824207,0.746659,0.592824,0.00536178,2.4921e-06
2.026666666,2.34081,0.694415,0.344437,0.473123,0.0115047,0.0108618,2.36412e-06
2.037333333,2.10777,0.259166,0.666239,0.471687,0.0867608,0.00580602,2.51444e-06
2.048000000,2.44985,0.635828,0.262833,0.372049,0.260675,0.0167631,1.15965e-06
2.058666666,0.122485,1.07695,0.594875,0.419557,0.236423,0.0476934,1.96292e-06
2.069333333,1.15882,1.68373,0.236691,0.405576,0.114124,0.0148294,1.91841e-06
2.080000000,1.46562,1.50104,0.0385754,0.247647,0.113972,0.0223815,1.98664e-06
2.090666666,2.0021,0.9505,0.358802,0.0955226,0.148197,0.0118911,2.34081e-06
2.101333333,0.400497,0.894937,0.797327,0.406611,0.0874186,0.0300627,2.06304e-06
2.112000000,2.47006,0.235369,0.552829,0.278653,0.31899,0.0216021,2.54603e-06
2.122666666,0.0406985,1.96708,0.2519,0.443962,0.19423,0.00695599,1.94281e-06
2.133333333,4.29305,0.942465,0.681002,0.668255,0.0127952,0.072715,2.70921e-06
2.144000000,2.32384,1.44759,0.806464,0.558771,0.221558,0.134008,2.93478e-06
2.154666666,4.92047,2.1469,0.375224,0.25565,0.122692,0.0311845,2.54264e-06
2.165333333,2.50081,0.288673,0.39691,0.382284,0.0379123,0.0124304,1.74685e-06
2.176000000,0.871668,0.596205,0.089235,0.327864,0.0496626,0.0169634,1.05023e-06
2.186666666,0.76391,0.518938,0.48109,0.766338,0.0422899,0.0247635,1.92725e-06
2.197333333,0.0308144,0.575117,1.14382,0.46792,0.167363,0.00721329,1.85181e-06
2.208000000,0.885788,2.40185,0.864008,0.142959,0.0832901,0.00800764,1.96559e-06
2.218666666,2.17945,2.01062,0.476437,0.194332,0.0097836,0.0110639,2.11427e-06
2.229333333,4.03573,0.860644,0.187522,0.17102,0.166846,0.00587661,2.10735e-06
2.240000000,3.3651,1.49845,0.415866,0.403033,0.199243,0.0178149,1.73204e-06
2.250666666,4.2071,3.3472,0.537878,0.677805,0.253876,0.0487592,3.02688e-06
2.261333333,2.7498,7.85676,3.87783,0.78424,0.233572,0.0495898,2.49305e-06
2.272000000,8.95944,2.6528,0.279501,0.496219,0.3208,0.0485205,3.16245e-06
2.282666666,9.30404,1.94172,1.39285,0.543704,0.226053,0.0545446,4.12912e-06
2.293333333,0.785861,0.947807,1.25357,0.991461,0.0874218,0.0447052,3.96116e-06
2.304000000,0.853179,1.02868,0.191686,0.166104,0.331763,0.127423,1.44026e-06
2.314666666,2.28756,0.532396,0.576682,0.408716,0.55975,0.12497,2.48802e-06
2.325333333,3.77209,0.719804,0.825539,0.451769,0.306084,0.0551,1.75113e-06
2.336000000,1.78686,1.89056,0.0893654,0.668645,0.125521,0.104897,2.78937e-06
2.346666666,5.1144,1.8919,0.797406,0.139245,0.255888,0.0631293,2.81476e-06
2.357333333,3.01205,1.11858,0.359141,0.562867,0.127882,0.0444971,2.26146e-06
2.368000000,6.08941,0.235741,0.494692,0.148456,0.266349,0.0571003,3.31668e-06
2.378666666,1.72544,0.999049,0.187401,0.180268,0.0518143,0.0767936,2.37445e-06
2.389333333,2.25724,0.166983,0.85046,0.113988,0.183256,0.0276791,9.78383e-07
2.400000000,6.7032,1.03775,0.954191,0.507171,0.0456975,0.0361379,2.14082e-06
2.410666666,2.50586,2.03943,0.454843,0.135085,0.24271,0.0372715,2.11307e-06
2.421333333,2.22556,0.381187,0.722891,0.287343,0.130986,0.0132297,1.95255e-06
2.432000000,0.500636,0.869258,0.328508,0.40656,0.0750724,0.0387496,1.51538e-06
2.442666666,0.590083,1.08225,0.517503,0.315501,0.252103,0.0342648,2.34427e-06
2.453333333,3.62385,1.01692,0.599116,0.266991,0.346115,0.0191993,1.59653e-06
2.464000000,3.35504,0.458559,0.712892,0.452409,0.143756,0.0650018,3.04385e-06
2.474666666,4.38239,0.552194,0.677131,0.338556,0.059128,0.0548619,4.02765e-06
2.485333333,1.68145,0.654965,1.11558,0.500025,0.0470284,0.0754016,2.41683e-06
2.496000000,3.96844,1.5884,0.405466,0.783889,0.054892,0.0192976,3.58448e-06
2.506666666,0.946001,1.03069,1.15308,1.08945,0.198285,0.015393,2.48979e-06
2.517333333,0.627929,0.84446,0.352239,0.652722,0.139271,0.0464394,3.23152e-06
2.528000000,0.804396,1.94264,0.969951,0.86515,0.0888221,0.0248268,2.8594e-06
2.538666666,1.83353,1.84416,0.952939,0.724865,0.0730256,0.00669999,1.3135e-06
2.549333333,0.377317,0.675974,0.48974,0.192572,0.140987,0.0254241,2.19568e-06
2.560000000,2.00738,0.966119,0.156731,0.36097,0.177699,0.0185305,1.48219e-06
2.570666666,2.51273,1.25738,0.130089,0.177721,0.0801167,0.0247883,2.48848e-06
2.581333333,4.16746,1.50487,0.566736,0.181059,0.124509,0.015045,2.97659e-06
2.592000000,1.49291,2.18593,1.01536,0.0788787,0.146115,0.0103162,1.45854e-06
2.602666666,1.0643,0.557219,0.58656,0.470218,0.0969042,0.0119645,2.15523e-06
2.613333333,2.98504,3.81843,0.976097,0.495345,0.0502215,0.0223808,2.8387e-06
2.624000000,1.12316,0.37675,0.611466,0.055156,0.0514445,0.0182752,1.73654e-06
2.634666666,2.26931,0.892554,0.427682,0.141801,0.119881,0.0149665,1.97311e-06
2.645333333,3.51846,3.32076,0.158297,0.259032,0.111454,0.017782,1.59796e-06
2.656000000,2.21644,0.997097,0.776093,0.104686,0.0364162,0.0157839,1.90087e-06
2.666666666,1.41313,1.3763,0.594074,0.61268,0.0391397,0.00682055,2.23342e-06
2.677333333,2.50872,0.800667,0.665746,0.419428,0.0753961,0.00873692,1.86071e-06
2.688000000,2.00459,1.6175,0.348481,0.145806,0.0220268,0.0200714,2.06931e-06
2.698666666,1.06885,2.0688,0.321071,0.358688,0.174237,0.00643126,2.85604e-06
2.709333333,5.72324,1.35262,0.413995,0.370062,0.391178,0.0108648,2.37245e-06
2.720000000,0.916487,1.56203,0.503696,0.421217,0.173725,0.0102758,2.59468e-06
2.730666666,0.967028,0.582577,0.633287,0.366469,0.143863,0.0334447,1.88849e-06
2.741333333,7.21474,1.81989,0.386348,0.10004,0.033411,0.035169,3.5562e-06
2.752000000,1.32492,0.360342,0.369701,0.28455,0.0830485,0.0472816,3.17611e-06
2.762666666,3.37723,0.901424,0.19138,0.167982,0.0158865,0.0444539,1.75442e-06
2.773333333,3.25069,0.497452,0.272093,0.299264,0.119775,0.0693116,2.30422e-06
2.784000000,3.225,1.7078,0.554946,0.00216924,0.0675348,0.0637001,1.55039e-06
2.794666666,0.220125,0.523582,0.228612,0.0572315,0.179048,0.0247847,2.63206e-06
2.805333333,4.17256,0.994655,0.426265,0.6206,0.0869462,0.0275152,3.54635e-06
2.816000000,0.697523,1.84776,0.704985,0.054907,0.147774,0.0499673,2.38061e-06
2.826666666,1.73805,0.595185,0.804548,0.420654,0.215471,0.0759753,3.86255e-06
2.837333333,1.89304,0.462951,0.456525,0.394482,0.176172,0.0313484,2.32545e-06
2.848000000,2.74259,1.29332,0.146533,0.446473,0.0597606,0.00650157,1.87194e-06
2.858666666,3.23985,0.537605,0.211447,0.47864,0.18804,0.00908597,3.02668e-06
2.869333333,1.29449,1.44676,0.68047,0.395398,0.229549,0.00964311,1.93371e-06
2.880000000,0.152107,1.54398,0.410734,0.456927,0.170806,0.00197704,2.44943e-06
2.890666666,2.83755,2.19718,0.934529,0.200545,0.163026,0.00132647,1.55072e-06
2.901333333,0.672677,1.87007,0.286199,0.792533,0.175858,0.00334784,2.283e-06
2.912000000,2.64153,0.439576,0.1928,0.38732,0.0922111,0.00998453,2.67384e-06
2.922666666,0.931199,0.694253,0.200122,0.301294,0.223356,0.00946311,2.77186e-06
2.933333333,2.02015,0.808533,0.464704,0.415171,0.0739869,0.0254802,2.17624e-06
2.944000000,3.09488,1.23565,0.540133,0.270599,0.159194,0.0251024,2.68617e-06
2.954666666,0.056094,1.63629,0.518528,1.25609,0.0829834,0.0152847,2.15516e-06
2.965333333,2.31909,1.7115,0.0446694,0.326524,0.0439395,0.0112061,1.43486e-06
2.976000000,0.762326,0.347028,0.93571,0.641344,0.25044,0.019684,3.61517e-06
2.986666666,2.23983,2.69101,0.651806,0.294695,0.234793,0.036162,3.764e-06
2.997333333,1.7326,0.614879,0.314382,0.500937,0.237568,0.0107055,2.08876e-06
3.008000000,4.28523,1.14998,0.378577,0.955431,0.122939,0.0180717,2.5158e-06
3.018666666,2.12898,0.856538,0.675982,0.440508,0.167403,0.00999209,4.24378e-06
3.029333333,1.09418,0.314851,0.233323,0.270926,0.127608,0.0131554,2.53614e-06
3.040000000,1.38102,1.85804,0.529991,0.332292,0.181584,0.021565,2.91335e-06
3.050666666,0.421299,1.99175,0.384319,0.199709,0.0639167,0.0330773,2.01059e-06
3.061333333,2.6672,1.09347,0.633492,0.327268,0.0637072,0.0330928,2.75138e-06
3.072000000,0.642501,3.2521,1.82533,0.45015,0.334516,0.0106857,3.02033e-06
3.082666666,2.27066,1.79993,0.563397,0.226193,0.108757,0.0246812,2.36372e-06
3.093333333,1.94766,0.860404,0.245737,0.0820877,0.0671209,0.0198092,1.35376e-06
3.104000000,2.50796,2.42989,0.327214,0.206138,0.0574981,0.014317,1.9362e-06
3.114666666,1.92446,0.205947,0.249322,0.0403087,0.0511533,0.0180842,9.80563e-07
3.125333333,2.34511,2.08868,0.386334,0.296534,0.0137782,0.0132231,1.76488e-06
3.136000000,3.44213,0.528822,0.268946,0.0429983,0.0201783,0.011212,1.84893e-06
3.146666666,1.31796,0.354224,0.479342,0.1518,0.127569,0.0277899,1.77882e-06
3.157333333,1.94033,5.02971,0.518479,0.0667609,0.162935,0.0168719,4.27842e-06
3.168000000,11.5208,7.74156,1.0148,0.499022,0.472866,0.0686566,6.9066e-06
3.178666666,2.75319,2.64542,1.17298,1.13025,0.17706,0.0203406,3.05909e-06
3.189333333,3.63837,3.10709,1.23679,0.262477,0.169825,0.00342489,4.62832e-06
3.200000000,7.01593,2.28723,0.451755,0.716298,0.218976,0.0142342,2.38482e-06
3.210666666,1.02297,1.41242,1.16192,0.373175,0.208158,0.0246514,4.26915e-06
3.221333333,1.04541,1.4188,0.363585,0.561535,0.0843383,0.0260792,3.43411e-06
3.232000000,3.40649,1.12019,0.851668,0.6291,0.0831043,0.0185977,2.56584e-06
3.242666666,1.977,1.2075,0.587116,0.328248,0.130061,0.018792,2.0636e-06
3.253333333,4.80537,4.24811,0.999597,1.31101,0.188387,0.0540866,3.89891e-06
3.264000000,7.63641,6.5356,1.10592,1.26557,0.141468,0.0487495,4.0609e-06
3.274666666,6.8888,2.53828,0.603581,0.827235,0.096975,0.0272808,3.34581e-06
3.285333333,1.0236,2.23478,1.045,0.157337,0.212223,0.0557132,3.26836e-06
3.296000000,3.34149,2.60379,1.10528,0.35005,0.208406,0.0604855,2.68921e-06
3.306666666,0.614262,3.30794,0.768638,0.330003,0.0939057,0.0249492,3.73348e-06
3.317333333,1.37112,2.04691,0.641445,0.629081,0.0481728,0.0367322,2.15398e-06
3.328000000,5.66844,0.866043,0.342033,0.0708081,0.352747,0.0223461,2.13715e-06
3.338666666,3.91675,2.09874,0.837842,0.149523,0.0971193,0.0217887,3.88377e-06
3.349333333,2.02876,1.22298,0.418595,0.181422,0.261328,0.0103801,4.06421e-06
3.360000000,3.64224,2.03114,0.088498,0.42394,0.0703474,0.00375351,4.24225e-06
3.370666666,3.98486,1.5467,1.03991,0.161195,0.118555,0.0309576,3.32786e-06
3.381333333,5.07968,1.48904,2.02896,0.369567,0.258464,0.176558,2.43967e-06
3.392000000,0.945252,1.40726,0.496779,0.123428,0.193248,0.0332686,1.38901e-06
3.402666666,5.90554,0.869222,0.408102,0.15406,0.185786,0.0330027,1.69054e-06
3.413333333,0.303849,1.23045,1.40302,0.17976,0.155424,0.0262326,1.60338e-06
3.424000000,0.91552,1.16941,0.570953,0.0940603,0.0739493,0.0242553,1.15471e-06
3.434666666,2.75541,1.01497,0.316543,0.347823,0.155515,0.0191185,2.83137e-06
3.445333333,1.59844,1.4069,0.802236,0.299489,0.0934385,0.0156204,2.63518e-06
3.456000000,3.43371,1.69623,0.420752,0.349045,0.180775,0.0221156,2.36507e-06
3.466666666,2.6053,1.05905,0.659591,0.311315,0.0922995,0.0183294,2.57907e-06
3.477333333,2.72474,1.8803,0.326441,0.240647,0.0173633,0.00998005,2.4826e-06
3.488000000,0.489969,1.40478,0.234534,0.108596,0.13419,0.0308789,1.96789e-06
3.498666666,1.29194,0.500455,0.809975,0.464764,0.0941848,0.0443592,1.59335e-06
3.509333333,2.16229,0.195525,0.442565,0.279394,0.144835,0.0420037,1.22165e-06
3.520000000,4.62518,2.56956,0.464609,0.142594,0.152848,0.0501414,2.97764e-06
3.530666666,0.219461,1.47927,0.290298,0.296838,0.355135,0.0249012,2.51945e-06
3.541333333,3.39138,1.10005,0.168537,0.166441,0.117248,0.0468308,1.41394e-06
3.552000000,0.943027,2.43385,0.464038,0.63002,0.0471708,0.0133673,2.73516e-06
3.562666666,2.11426,1.44557,0.47594,0.17207,0.204814,0.0056261,2.27078e-06
3.573333333,0.417253,0.225733,0.455126,0.129905,0.0999673,0.0121427,1.66387e-06
3.584000000,2.28125,1.23562,0.0941724,0.890175,0.0217125,0.0113999,2.07045e-06
3.594666666,5.23856,2.06525,0.178968,0.288068,0.120109,0.0176389,2.45086e-06
3.605333333,1.70782,0.640286,0.0836169,0.387614,0.130294,0.122504,6.16173e-06
3.616000000,1.90005,1.11514,0.608736,0.75952,0.167317,0.0952336,3.89181e-06
3.626666666,2.64347,1.38466,0.256693,0.405665,0.0402773,0.0204731,2.22623e-06
3.637333333,2.62813,0.345907,1.04725,0.563763,0.0144567,0.0263863,2.16608e-06
3.648000000,1.26171,2.01953,0.163682,0.364588,0.0506836,0.0213058,2.39107e-06
3.658666666,3.67761,0.330521,0.662684,0.132434,0.0457804,0.00910758,2.1517e-06
3.669333333,3.1965,2.37667,0.409014,0.0785716,0.115658,0.0242129,2.00569e-06
3.680000000,2.63472,0.649676,0.810255,0.511035,0.261819,0.0587163,2.73577e-06
3.690666666,0.278075,0.592151,0.592111,0.169743,0.21891,0.0312725,3.2562e-06
3.701333333,0.763865,0.69167,0.399987,0.475254,0.101127,0.0870872,3.75642e-06
3.712000000,0.820194,2.00641,1.69308,0.231365,0.140196,0.0270225,1.57931e-06
3.722666666,3.26368,0.408336,0.906937,0.39879,0.127394,0.028064,2.77015e-06
3.733333333,3.47773,0.617789,0.956318,0.220632,0.100635,0.0603147,2.66293e-06
3.744000000,0.69648,1.98881,0.618289,0.283027,0.157523,0.0497671,1.88909e-06
3.754666666,1.32735,0.68426,0.690202,0.721261,0.200429,0.0978997,3.53894e-06
3.765333333,1.29801,1.46551,0.561132,0.219389,0.149592,0.0359715,2.10024e-06
3.776000000,4.45848,0.0417159,0.034915,0.247526,0.0659869,0.023804,2.2146e-06
3.786666666,1.54674,0.820861,0.432542,0.19307,0.126212,0.0110046,1.94638e-06
3.797333333,1.27584,0.511485,0.68835,0.72473,0.107381,0.0133502,3.00142e-06
3.808000000,2.57048,1.07316,1.0152,0.560234,0.090942,0.0199105,3.06377e-06
3.818666666,4.1287,0.211617,1.09498,0.545977,0.0507031,0.0244187,2.41188e-06
3.829333333,1.71491,1.10511,0.276979,0.369143,0.214038,0.0668925,1.49224e-06
3.840000000,1.02791,1.0534,1.04765,0.420832,0.245183,0.0135187,2.98808e-06
3.850666666,0.95464,0.994917,0.251008,0.339389,0.274919,0.001958,4.6281e-06
3.861333333,5.53117,1.38897,0.275316,0.600958,0.0583271,0.0136873,2.56924e-06
3.872000000,1.82766,0.263707,0.499722,0.179391,0.0406428,0.0163784,1.87966e-06
3.882666666,0.285428,0.454639,0.389052,0.101239,0.0863391,0.00989913,2.2234e-06
3.893333333,2.19842,0.279632,0.102248,0.242311,0.131542,0.0181378,1.46609e-06
3.904000000,2.4184,0.882366,0.311434,0.145171,0.041055,0.0379546,1.53592e-06
3.914666666,2.89956,1.0325,0.139211,0.255964,0.223791,0.0533513,2.63061e-06
3.925333333,0.914734,0.254521,0.562286,0.445141,0.105221,0.0391065,1.9792e-06
3.936000000,1.45738,0.788787,0.484842,0.0265237,0.160052,0.0243498,2.16829e-06
3.946666666,2.05959,0.234358,0.307474,0.359277,0.15079,0.0250062,3.03398e-06
3.957333333,0.333543,0.377797,0.431107,0.432801,0.178055,0.0339317,2.5073e-06
3.968000000,3.62926,2.76659,0.709537,0.864786,0.557191,0.0259133,6.34557e-06
3.978666666,2.20199,0.643112,0.048745,0.369805,0.116251,0.040739,2.30449e-06
3.989333333,0.885505,0.784554,0.340986,0.577407,0.177197,0.0180843,3.5008e-06
4.000000000,1.80422,1.6657,0.38624,0.17651,0.0888315,0.0174173,2.50319e-06
4.010666666,0.990253,1.22392,0.491696,0.272958,0.0120453,0.00733588,2.66846e-06
4.021333333,0.38352,1.85919,0.296254,0.61541,0.0374742,0.0105645,2.98275e-06
4.032000000,3.46226,1.26405,0.261826,0.444756,0.140571,0.00421587,1.26578e-06
4.042666666,0.686084,0.759881,0.944276,0.212762,0.035934,0.00530246,1.19471e-06
4.053333333,4.03342,1.37192,0.426318,0.689068,0.171293,0.00332247,1.69712e-06
4.064000000,3.43311,2.05228,0.156346,0.391436,0.0361961,0.0111209,1.34321e-06
4.074666666,3.19057,7.2868,1.21912,0.42352,0.272767,0.0919318,4.11087e-06
4.085333333,2.04181,4.11679,2.1605,0.684232,0.359864,0.0421204,6.7192e-06
4.096000000,0.155458,1.97012,2.76442,0.786321,0.10079,0.0237786,3.86877e-06
4.106666666,3.53585,0.190421,1.45753,0.374954,0.0695554,0.0319563,2.81826e-06
4.117333333,5.40956,1.91484,1.10109,0.320945,0.104194,0.0766385,2.87433e-06
4.128000000,1.3545,2.52283,0.195668,0.833163,0.319185,0.0935028,2.13311e-06
4.138666666,2.65971,2.69641,0.807516,0.362324,0.176222,0.0629605,2.59873e-06
4.149333333,2.52871,0.889824,0.712255,0.0722431,0.231726,0.0378348,3.67411e-06
4.160000000,1.66908,0.995375,0.589111,0.0251548,0.0694495,0.0288562,2.88276e-06
4.170666666,0.504095,1.01868,1.4426,0.528453,0.166424,0.0550007,3.01321e-06
4.181333333,5.44877,1.60698,0.88849,0.49457,0.214882,0.101344,2.10892e-06
4.192000000,2.63684,1.34776,0.0725716,0.440777,0.0448254,0.0167635,1.41631e-06
4.202666666,1.81063,1.13506,0.195375,0.650602,0.0970018,0.0208328,2.97095e-06
4.213333333,1.69804,1.06303,0.400384,0.0819614,0.172971,0.0241179,1.45558e-06
4.224000000,2.39648,1.32587,0.337748,0.271321,0.0494951,0.0440176,2.63563e-06
4.234666666,8.77508,0.518718,0.580126,0.220343,0.08802,0.0384309,1.67401e-06
4.245333333,1.21995,0.585907,0.147294,0.241166,0.0245424,0.0465975,2.25839e-06
4.256000000,0.0244706,0.76679,0.16542,0.0909782,0.078932,0.0476443,1.17075e-06
4.266666666,2.35304,1.09119,0.136026,0.296409,0.181309,0.0656179,2.29352e-06
4.277333333,2.85304,1.30848,0.350582,0.61342,0.169038,0.0404211,2.73357e-06
4.288000000,2.96023,1.768,0.218115,0.45039,0.0617227,0.0371322,2.0809e-06
4.298666666,1.39676,1.98825,0.503422,0.252365,0.05971,0.0748303,4.3574e-06
4.309333333,1.41136,1.03351,0.38399,0.354081,0.362975,0.0279479,1.98183e-06
4.320000000,2.21998,1.03976,0.163635,0.299385,0.103859,0.00681413,1.3246e-06
4.330666666,2.28814,1.40736,0.985638,0.227548,0.145591,0.00589142,2.15162e-06
4.341333333,5.16499,1.84759,0.503277,0.513858,0.0158753,0.00728211,3.44232e-06
4.352000000,0.877251,0.991023,0.979125,0.28902,0.257467,0.0179406,3.2027e-06
4.362666666,3.70757,0.220397,0.539352,0.346313,0.189005,0.027158,3.8685e-06
4.373333333,4.28958,1.22404,1.01253,0.296796,0.0849569,0.0276168,2.22333e-06
4.384000000,3.62683,2.2368,0.449983,0.173504,0.17251,0.0224086,2.77963e-06
4.394666666,2.34894,2.65701,0.0554516,0.0882072,0.102312,0.0220616,3.19028e-06
4.405333333,3.36721,1.78262,0.596938,0.119746,0.351136,0.0234905,1.81738e-06
4.416000000,1.82837,1.81382,0.218605,0.391178,0.230512,0.0317074,2.32142e-06
4.426666666,1.93383,1.38172,0.221418,0.25009,0.115015,0.0260902,3.58575e-06
4.437333333,2.21437,2.22331,0.623505,0.381908,0.110676,0.0243904,2.60806e-06
4.448000000,0.719919,2.13809,0.591779,0.490121,0.120226,0.0179662,3.45313e-06
4.458666666,5.37537,1.80481,0.969092,0.279179,0.0871641,0.022064,2.43726e-06
4.469333333,3.14661,2.2536,0.485659,0.217631,0.0180581,0.0191608,1.60317e-06
4.480000000,5.41241,2.23174,0.455071,0.283225,0.0436617,0.0120221,2.06959e-06
4.490666666,1.97987,1.74363,0.420839,0.515448,0.0513054,0.0235172,2.35998e-06
4.501333333,2.08627,2.06705,0.717132,0.587312,0.0928049,0.03424,3.28995e-06
4.512000000,1.2787,0.758022,0.347849,0.182987,0.236542,0.00557376,2.13596e-06
4.522666666,1.74191,0.717478,0.213271,0.588203,0.133234,0.00958056,2.58852e-06
4.533333333,0.16656,1.01912,0.405634,0.298838,0.136182,0.0465332,2.28822e-06
4.544000000,0.631077,1.67376,0.188524,0.469491,0.063923,0.0216231,1.58339e-06
4.554666666,3.75014,1.15429,0.828023,0.467785,0.0924097,0.0466973,2.02599e-06
4.565333333,3.83542,1.25845,1.38533,0.424953,0.0701908,0.0364178,2.92416e-06
4.576000000,1.69219,0.34671,0.990795,0.380949,0.198812,0.078829,2.30432e-06
4.586666666,1.96101,0.8574,0.28334,0.153509,0.142592,0.0504013,1.57479e-06
4.597333333,4.42938,1.27037,0.176562,0.205183,0.0114107,0.0531678,1.46617e-06
4.608000000,3.63621,0.363369,0.413708,0.210507,0.116059,0.0808508,2.11947e-06
4.618666666,0.127782,1.33122,0.628431,0.343888,0.314146,0.0435333,2.00416e-06
4.629333333,1.25279,1.93551,0.524534,0.282217,0.17147,0.10159,2.15132e-06
4.640000000,3.67461,5.11612,1.21017,0.954115,0.260831,0.0970331,2.82673e-06
4.650666666,2.64836,1.40409,0.476117,0.445923,0.166388,0.0183242,1.69513e-06
4.661333333,1.44575,0.222533,0.230213,0.154919,0.0112581,0.0336637,2.41293e-06
4.672000000,2.33223,1.25334,0.379946,0.555643,0.0180543,0.0145419,2.26767e-06
4.682666666,1.04179,1.21094,0.454336,0.662872,0.0777152,0.0187961,2.29846e-06
4.693333333,0.582126,2.06688,1.0303,0.521135,0.0578461,0.0199674,1.93412e-06
4.704000000,2.65008,2.33251,0.556713,0.458543,0.0102739,0.00793342,2.14925e-06
4.714666666,4.03231,0.397613,0.27049,0.352928,0.0354399,0.020782,2.36597e-06
4.725333333,6.00779,1.57598,1.31916,0.220344,0.0871889,0.0288691,2.53371e-06
4.736000000,5.23501,1.5888,0.171593,0.213838,0.0308656,0.0254316,2.46283e-06
4.746666666,1.41721,0.863128,0.295223,0.417699,0.0415203,0.0131705,2.88694e-06
4.757333333,1.75577,0.771762,0.427125,0.618513,0.0870708,0.00966024,2.19339e-06
4.768000000,1.28755,0.770743,0.226941,0.370844,0.0639642,0.0245727,3.33936e-06
4.778666666,3.58207,1.91361,0.407922,0.313036,0.166251,0.0305112,2.04167e-06
4.789333333,3.66428,1.67899,0.647211,0.488934,0.09651,0.0223348,1.92363e-06
4.800000000,2.39578,2.30171,0.28765,0.693923,0.0575121,0.0135406,2.24502e-06
4.810666666,1.07831,1.2082,0.899271,0.921508,0.0818837,0.0147407,1.43731e-06
4.821333333,4.186,0.232691,0.929458,0.230668,0.134709,0.0254271,2.36822e-06
4.832000000,3.30373,0.279777,0.755888,0.743491,0.235928,0.0405449,3.03915e-06
4.842666666,0.641807,1.09529,0.375956,0.698786,0.119832,0.0321773,2.57094e-06
4.853333333,0.675399,0.781586,0.123799,0.536978,0.24268,0.0719981,2.52282e-06
4.864000000,2.73151,1.52357,1.06378,0.311887,0.245298,0.117364,2.64475e-06
4.874666666,4.94236,1.15338,0.397288,0.223396,0.159003,0.0983562,2.50691e-06
4.885333333,0.801898,1.98689,0.0998644,0.323521,0.151665,0.0235436,1.72083e-06
4.896000000,2.22347,2.15072,0.250375,0.201455,0.0245357,0.0175735,1.84722e-06
4.906666666,2.49183,0.835657,0.214909,0.208733,0.0707108,0.00470717,1.68105e-06
4.917333333,1.52068,0.974779,0.180071,0.336984,0.0927235,0.0148119,1.60308e-06
4.928000000,2.3103,1.38302,0.0766163,0.149691,0.00295632,0.0178155,1.96737e-06
4.938666666,1.94585,0.56748,0.445149,0.17443,0.0841443,0.0214542,1.28869e-06
4.949333333,0.629021,1.09099,0.801609,0.222651,0.0927879,0.02002,2.42087e-06
4.960000000,5.27489,1.42675,1.20996,0.853832,0.15881,0.126814,4.11584e-06
4.970666666,4.89074,3.11813,0.643131,0.344792,1.00074,0.0833116,6.29035e-06
4.981333333,0.915693,1.19072,1.63294,1.35695,0.181077,0.0158297,4.89807e-06
4.992000000,1.50011,3.59386,0.784113,0.349618,0.0590552,0.0138626,2.08481e-06
5.002666666,1.75242,1.27448,0.796177,0.235822,0.103168,0.0617535,2.83688e-06
5.013333333,0.359921,1.67959,0.256402,0.201163,0.174769,0.0392729,1.68842e-06
5.024000000,2.78349,0.531231,1.25445,0.408873,0.301005,0.0422707,3.57644e-06
5.034666666,1.48471,1.64121,1.14392,0.22398,0.0779339,0.0530374,3.5007e-06
5.045333333,0.769167,0.688439,0.99709,0.249534,0.195201,0.0511157,2.23926e-06
5.056000000,3.65013,1.08228,0.659469,0.730042,0.0596576,0.0326439,2.04055e-06
5.066666666,3.67093,4.82153,2.05368,0.422755,0.400631,0.0726752,4.6223e-06
5.077333333,2.09371,3.10318,1.12025,0.631911,0.237413,0.0273826,4.68999e-06
5.088000000,2.16602,0.936831,0.916876,0.275841,0.152953,0.0142441,2.37509e-06
5.098666666,0.76007,3.80815,0.743428,0.480104,0.158465,0.0690091,3.14347e-06
5.109333333,0.619502,0.463163,0.574162,0.763516,0.290269,0.0574876,2.74195e-06
5.120000000,4.54427,1.46713,0.316123,0.32557,0.288328,0.0326847,2.34361e-06
5.130666666,1.89345,0.567778,0.34332,0.274003,0.304968,0.0433264,3.06896e-06
5.141333333,0.540893,0.73244,0.453372,0.147358,0.298619,0.0138431,2.51204e-06
5.152000000,2.62422,3.08611,0.54784,0.286885,0.160518,0.0189709,3.79756e-06
5.162666666,2.20163,0.865056,0.175898,0.475515,0.109164,0.016214,4.07243e-06
5.173333333,1.0881,1.22971,0.174586,0.345321,0.183545,0.0196509,1.90428e-06
5.184000000,13.6679,2.30552,0.509569,0.548256,0.721569,0.0122448,4.94984e-06
5.194666666,2.21263,1.12299,0.250878,0.317005,0.25304,0.00706523,3.27654e-06
5.205333333,0.642945,1.37756,0.710546,0.0292208,0.191768,0.0158421,1.24253e-06
5.216000000,3.01292,1.44776,0.506754,0.259773,0.061128,0.0106906,1.66151e-06
5.226666666,3.54358,0.532331,1.01066,0.221103,0.149055,0.024971,3.13365e-06
5.237333333,5.76625,1.18843,0.590461,0.216636,0.0829117,0.0186157,1.89798e-06
5.248000000,2.70617,1.71446,0.308187,0.525421,0.052028,0.0355291,2.77214e-06
5.258666666,1.73149,0.947006,0.545686,0.18606,0.163859,0.0127132,1.90009e-06
5.269333333,4.26343,1.6635,0.52722,0.447166,0.0900939,0.0126732,1.72212e-06
5.280000000,0.282404,2.42869,0.434706,0.283836,0.100441,0.0146036,2.52955e-06
5.290666666,5.02675,1.01852,0.178094,0.124085,0.0444813,0.0215453,2.09013e-06
5.301333333,2.45158,1.57047,0.323499,0.315367,0.112687,0.00937256,1.72609e-06
5.312000000,3.87266,0.803482,0.643342,0.366364,0.0598162,0.0299796,1.78089e-06
5.322666666,2.49395,2.751,0.0133501,0.373023,0.0256576,0.0088665,3.0627e-06
5.333333333,4.22361,0.466387,0.232235,0.257893,0.0296305,0.0231595,2.3348e-06
5.344000000,3.62431,0.985058,0.169762,0.482432,0.0374146,0.0372593,1.92045e-06
5.354666666,0.697613,1.93377,1.12092,0.421502,0.135743,0.0391143,2.84968e-06
5.365333333,4.07332,0.537198,0.626194,0.0882363,0.0964212,0.0150872,3.05627e-06
5.376000000,0.721066,1.09998,0.778947,0.319636,0.125116,0.00443448,1.97922e-06
5.386666666,3.37673,1.14941,0.514343,0.426956,0.125195,0.00356816,1.8927e-06
5.397333333,0.547412,0.496586,0.639172,0.276387,0.136056,0.0232752,1.40976e-06
5.408000000,1.03909,2.19367,1.21526,0.13139,0.34198,0.0477474,2.66604e-06
5.418666666,1.67119,0.708635,0.478297,0.104703,0.194049,0.0448756,3.3327e-06
5.429333333,1.08603,2.11929,0.457568,0.222233,0.0122654,0.0381659,1.80951e-06
5.440000000,2.08652,1.53491,0.527914,0.506824,0.227378,0.0616841,2.52591e-06
5.450666666,3.51635,1.11221,0.569377,0.610529,0.106558,0.0565555,2.87703e-06
5.461333333,6.09057,1.76331,0.208885,0.222434,0.18631,0.0428089,2.40026e-06
5.472000000,1.60996,0.608625,0.582175,0.103496,0.0959378,0.0408534,2.53319e-06
5.482666666,0.274535,0.613691,0.633218,0.309305,0.189458,0.0233744,3.11885e-06
5.493333333,4.75452,0.910208,0.55481,0.668057,0.159775,0.0245265,2.32433e-06
5.504000000,3.76138,0.755328,0.515384,0.0578563,0.258402,0.0284699,1.49213e-06
5.514666666,0.273906,0.674677,0.593383,0.694682,0.25883,0.0385095,4.13238e-06
5.525333333,1.82281,1.25606,0.329364,0.819664,0.091645,0.0731917,1.5629e-06
5.536000000,1.41274,0.275819,0.700777,0.337174,0.219432,0.0839154,2.60225e-06
5.546666666,2.07486,1.75353,0.512849,0.629329,0.189417,0.039262,2.14509e-06
5.557333333,0.397624,0.737173,0.254712,0.0741383,0.030193,0.0708687,1.85305e-06
5.568000000,4.31846,0.0199658,0.57239,0.458857,0.171374,0.0483823,2.09663e-06
5.578666666,1.76038,2.06094,0.310833,0.125659,0.11039,0.0172265,2.17743e-06
5.589333333,1.45079,0.995347,0.626671,0.198003,0.1224,0.0356178,2.17472e-06
5.600000000,2.96602,1.33304,0.295512,0.2336,0.0257271,0.0270918,2.25232e-06
5.610666666,2.59929,2.60728,0.329385,0.301807,0.0537013,0.0591654,2.06071e-06
5.621333333,2.23687,0.50409,0.172157,0.247221,0.176874,0.0357596,3.61876e-06
5.632000000,2.43271,0.316159,0.549268,0.388366,0.210839,0.0249789,2.90466e-06
5.642666666,0.674082,1.91116,0.817265,0.453493,0.0538872,0.0177946,2.05939e-06
5.653333333,3.95719,0.355963,0.50585,0.124983,0.147935,0.0067928,3.00925e-06
5.664000000,2.8716,1.62884,0.608054,0.398914,0.124122,0.0064196,1.64609e-06
5.674666666,1.99906,0.778027,0.0726705,0.180583,0.158148,0.00824054,2.17273e-06
5.685333333,2.80794,0.678099,0.582546,0.257226,0.143735,0.0282158,1.59246e-06
5.696000000,0.342895,2.00939,0.465239,0.516676,0.162384,0.0478858,2.5817e-06
5.706666666,5.27949,1.29898,0.165453,0.370752,0.0899946,0.067167,1.76494e-06
5.717333333,1.7638,0.389807,0.187361,0.250409,0.093727,0.0189168,1.97557e-06
5.728000000,2.65902,2.7391,0.126207,0.181442,0.0763413,0.022738,1.66619e-06
5.738666666,2.13689,0.953781,0.601701,0.479843,0.148336,0.0174813,2.19745e-06
5.749333333,0.7667,1.57522,0.586496,0.411276,0.0377317,0.0235076,2.30197e-06
5.760000000,1.0457,1.56993,0.337088,0.791447,0.199879,0.0168392,3.99069e-06
5.770666666,4.41239,0.7719,0.157279,0.189667,0.257961,0.0125644,2.26599e-06
5.781333333,2.69173,1.91502,0.25361,0.0621902,0.0146542,0.0063963,3.50985e-06
5.792000000,1.11341,1.82205,0.388946,0.409215,0.0163609,0.0235609,2.26435e-06
5.802666666,1.39535,0.947121,0.459744,0.0834054,0.0773912,0.0116845,1.85578e-06
5.813333333,1.50287,0.791224,0.12657,0.738349,0.10118,0.0194021,1.80908e-06
5.824000000,0.605869,1.17941,0.571135,0.264988,0.0685725,0.0153741,1.98919e-06
5.834666666,2.37858,1.43441,0.481778,0.271983,0.0628705,0.0146869,1.28998e-06
5.845333333,1.16981,1.33329,0.560984,0.367884,0.184998,0.01347,2.69466e-06
5.856000000,1.99857,0.40929,0.149449,0.0392593,0.181194,0.00735027,2.01568e-06
5.866666666,0.518808,0.752411,0.70517,0.289799,0.179221,0.0292686,2.38099e-06
5.877333333,3.74803,6.04648,3.58725,0.876099,0.308543,0.0272203,4.13809e-06
5.888000000,3.87414,4.83246,0.332229,0.623901,0.036554,0.0345563,6.91527e-06
5.898666666,2.30927,0.354617,0.2936,0.2427,0.196452,0.0243968,3.34119e-06
5.909333333,7.95627,2.14447,0.664083,0.0547984,0.303555,0.0937102,2.75128e-06
5.920000000,0.335382,2.28093,1.03316,0.754828,0.190024,0.0750942,2.91717e-06
5.930666666,1.04279,2.46794,0.886278,0.649363,0.273903,0.0732556,4.33499e-06
5.941333333,1.10648,0.519225,0.482123,0.579253,0.433797,0.0402882,3.04103e-06
5.952000000,2.37663,1.10159,1.37456,0.0914473,0.181169,0.0537821,2.13653e-06
5.962666666,2.15263,0.801683,1.03645,0.868112,0.040213,0.0294825,4.71714e-06
5.973333333,2.91305,0.949399,0.539776,0.540892,0.4043,0.00754574,2.01974e-06
5.984000000,0.287798,2.06394,1.08076,0.118543,0.121985,0.0155844,2.28554e-06
5.994666666,5.52434,1.08469,0.604991,0.209062,0.158977,0.0379013,2.26436e-06
6.005333333,6.26644,1.6624,0.534127,0.0648511,0.103581,0.063981,1.82357e-06
6.016000000,0.194907,1.62285,0.216639,0.0528031,0.137994,0.0589298,1.97506e-06
6.026666666,1.91667,0.698168,0.363915,0.244933,0.0862356,0.0256343,2.06637e-06
6.037333333,0.100622,1.56435,0.368249,0.395667,0.229624,0.00892401,1.1469e-06
6.048000000,1.76353,0.911652,0.331187,0.146013,0.12465,0.0104697,1.86837e-06
6.058666666,3.0892,1.11596,0.167777,0.291113,0.133299,0.0265433,1.95832e-06
6.069333333,1.06515,2.25388,0.473553,0.824214,0.0262723,0.0400916,2.35979e-06
6.080000000,1.0496,0.848187,0.548511,0.104709,0.12658,0.0370254,1.99195e-06
6.090666666,0.806798,1.53713,0.348598,0.321906,0.687507,0.0687442,2.31798e-06
6.101333333,4.92448,0.734491,0.187264,0.107408,0.177405,0.0231353,3.09109e-06
6.112000000,0.641177,0.815867,0.537577,0.724912,0.086146,0.00979716,2.68164e-06
6.122666666,0.79019,1.03188,1.16641,0.23075,0.0799019,0.0198613,2.30084e-06
6.133333333,1.08277,0.779954,0.347587,0.25293,0.198225,0.0136706,2.39185e-06
6.144000000,0.722714,0.55703,0.419326,0.11976,0.261909,0.0222412,2.51356e-06
6.154666666,2.5247,1.24035,0.312046,0.302925,0.041481,0.0566483,1.34362e-06
6.165333333,1.19427,0.464324,0.568215,0.41761,0.0923247,0.0631405,1.71759e-06
6.176000000,2.0986,1.41671,0.586158,0.31166,0.0912068,0.0344354,1.7509e-06
6.186666666,2.69919,0.496058,0.964977,0.153878,0.0667897,0.0140096,2.18002e-06
6.197333333,2.02505,2.48012,0.296194,0.706288,0.0350243,0.0375207,2.42636e-06
6.208000000,0.658363,1.37451,0.963627,0.230424,0.137307,0.0275691,1.94214e-06
6.218666666,5.102,0.907416,0.367029,0.528015,0.207191,0.0193467,3.80382e-06
6.229333333,1.29737,2.76068,0.776721,0.45001,0.111533,0.0231207,1.43933e-06
6.240000000,2.17129,2.04777,0.70321,0.248106,0.0177748,0.0197908,3.02818e-06
6.250666666,3.69032,1.52983,0.835451,0.176719,0.0297935,0.046835,1.50485e-06
6.261333333,0.733399,1.73441,1.16185,0.261736,0.0332124,0.015728,1.89951e-06
6.272000000,3.03923,1.34716,0.443219,0.617849,0.0325528,0.0340984,2.17227e-06
6.282666666,1.78152,2.23177,1.36018,0.625959,0.0547319,0.00711455,2.18431e-06
6.293333333,1.42403,0.642489,0.272104,0.631073,0.193455,0.0209677,1.96749e-06
6.304000000,1.78999,1.55362,0.707126,0.828455,0.151264,0.0208443,2.54234e-06
6.314666666,1.02425,1.69802,0.616152,0.311961,0.0826455,0.0279276,2.73732e-06
6.325333333,1.96204,1.35793,0.434164,0.618582,0.0579565,0.0192128,2.25111e-06
6.336000000,3.4981,0.384906,0.554889,0.319775,0.0337601,0.0218017,3.11812e-06
6.346666666,3.42431,0.95335,0.190663,0.22916,0.203982,0.056754,3.05836e-06
6.357333333,1.08221,0.0213455,0.66371,0.403609,0.163713,0.0267606,1.98431e-06
6.368000000,3.36135,0.969853,0.320375,0.482548,0.172718,0.0494047,3.20714e-06
6.378666666,2.19455,0.268541,0.497479,0.452518,0.119495,0.0873764,1.08637e-06
6.389333333,2.9196,1.47485,0.518117,0.236897,0.162021,0.0507891,2.71039e-06
6.400000000,0.472867,0.221946,0.502299,0.326929,0.0653091,0.0305663,2.13333e-06
6.410666666,1.39636,1.16509,0.517753,0.398275,0.153148,0.0357661,3.2769e-06
6.421333333,3.14987,0.892324,0.791921,0.0777153,0.139117,0.0408349,2.34684e-06
6.432000000,1.41645,1.05055,0.551108,0.387514,0.270951,0.0497566,4.42862e-06
6.442666666,6.33735,0.311474,0.697535,0.450125,0.193938,0.0588373,3.07764e-06
6.453333333,3.32365,0.591895,0.247686,0.163558,0.0923124,0.00903856,1.45562e-06
6.464000000,2.11478,1.11018,0.2369,0.655641,0.142548,0.0314111,2.14847e-06
6.474666666,2.95724,1.20003,1.28958,0.67426,0.105189,0.018686,2.48182e-06
6.485333333,0.717133,0.758945,0.465462,0.349844,0.0794078,0.00924621,1.53862e-06
6.496000000,1.13347,1.47808,0.157177,0.669751,0.0432579,0.0156668,3.00088e-06
6.506666666,6.10991,2.3074,0.293942,0.158027,0.124183,0.00453116,2.97385e-06
6.517333333,3.01659,2.84388,0.0452126,0.0956151,0.0576846,0.0126191,2.261e-06
6.528000000,1.17786,1.95731,0.472065,0.582719,0.0601181,0.00894941,3.45513e-06
6.538666666,2.14761,2.23069,0.172825,0.273541,0.132682,0.00789427,1.56645e-06
6.549333333,2.25828,2.67816,0.468896,0.153097,0.150662,0.0308236,1.97569e-06
6.560000000,1.82744,1.66439,0.238263,0.209108,0.111267,0.0229426,3.26942e-06
6.570666666,2.93534,0.763612,0.368748,0.25633,0.0884163,0.0153805,1.32858e-06
6.581333333,3.90387,1.09642,0.888983,0.498086,0.144784,0.0443554,2.02482e-06
6.592000000,5.39078,0.855466,0.487013,0.355817,0.0745472,0.0131346,2.93188e-06
6.602666666,1.64315,1.12656,0.562972,0.179861,0.0725457,0.0271519,1.16531e-06
6.613333333,1.14867,1.81803,0.478646,0.866167,0.037601,0.0098625,1.50386e-06
6.624000000,3.05373,2.69028,0.575193,0.480668,0.0511345,0.0131704,2.238e-06
6.634666666,1.32253,1.06789,1.02697,0.181023,0.10603,0.0116275,2.06082e-06
6.645333333,5.28564,4.24825,0.848544,0.296441,0.0753593,0.011553,3.49188e-06
6.656000000,0.43098,1.2213,0.632023,0.290877,0.140422,0.0337721,2.43188e-06
6.666666666,2.70864,0.765597,0.529212,0.143625,0.0625762,0.0213946,1.78714e-06
6.677333333,1.06974,0.718091,0.218898,0.123651,0.0108883,0.024795,1.64557e-06
6.688000000,4.48323,2.12044,0.581178,0.364194,0.0172894,0.0175017,2.28892e-06
6.698666666,2.84203,0.0396714,0.356818,0.141774,0.0423849,0.021382,2.5044e-06
6.709333333,1.96065,0.89283,0.144901,0.200337,0.117707,0.0122458,9.45861e-07
6.720000000,4.16455,1.787,0.329451,0.287818,0.0581891,0.00633283,1.74557e-06
6.730666666,2.31062,0.630533,0.477401,0.196242,0.111977,0.00873624,1.30324e-06
6.741333333,3.02356,3.57013,1.1602,0.806748,0.426058,0.0991405,4.44142e-06
6.752000000,5.22198,5.64383,0.793734,0.823277,0.0767271,0.0456879,3.38439e-06
6.762666666,5.59266,2.30262,1.11789,0.218376,0.344458,0.0447237,2.76038e-06
6.773333333,2.13183,2.48853,1.23241,0.482795,0.210178,0.0345008,1.30601e-06
6.784000000,6.59882,0.310462,2.35652,0.97404,0.243956,0.0617409,2.70326e-06
6.794666666,3.08065,0.449989,0.870654,0.879043,0.213685,0.0408439,1.78678e-06
6.805333333,2.17256,1.20076,0.828373,0.540279,0.252306,0.0205606,2.99792e-06
6.816000000,0.98901,0.291913,0.570664,0.214987,0.150142,0.0101225,2.67645e-06
6.826666666,5.92398,2.27277,0.907285,0.518559,0.380061,0.0195319,2.68477e-06
6.837333333,1.39489,1.23496,1.99827,0.938523,0.203019,0.0225022,2.53295e-06
6.848000000,6.76459,1.20902,1.51642,0.4358,0.190955,0.0338971,3.13861e-06
6.858666666,2.58308,2.37944,1.36104,0.763329,0.286995,0.0591477,3.56806e-06
6.869333333,2.99964,2.17041,0.444149,0.193437,0.0336621,0.0444099,3.92755e-06
6.880000000,1.08971,1.72739,0.641709,0.508014,0.0825625,0.0413656,2.738e-06
6.890666666,3.67541,1.94989,0.364042,0.141854,0.286011,0.102262,2.93808e-06
6.901333333,0.978653,1.34637,0.850008,0.457854,0.125763,0.0474447,3.27484e-06
6.912000000,3.01086,2.1001,0.29256,0.36887,0.111619,0.0375014,1.78979e-06
6.922666666,1.69579,4.51235,0.321917,0.379445,0.184803,0.0193036,1.97367e-06
6.933333333,1.66562,1.42468,0.563736,0.210591,0.307558,0.0170456,2.12977e-06
6.944000000,0.738667,1.36852,0.554356,1.00652,0.106625,0.0328419,1.40951e-06
6.954666666,0.965882,1.33688,0.766034,0.385539,0.245198,0.0442966,1.89562e-06
6.965333333,1.52863,0.80652,0.364063,0.388967,0.0434927,0.0374225,3.31728e-06
6.976000000,0.367928,1.47425,0.297907,0.497113,0.241854,0.0306893,2.59329e-06
6.986666666,3.6076,1.14044,0.556117,0.158016,0.105709,0.0609551,2.14148e-06
6.997333333,1.34827,2.14083,0.199078,0.330423,0.0929679,0.0482179,2.43983e-06
7.008000000,0.690254,1.62482,0.469981,0.442571,0.122257,0.0281275,2.4104e-06
7.018666666,2.67169,0.38331,0.271662,0.369689,0.163258,0.0226928,1.8361e-06
7.029333333,0.199386,2.34463,0.503548,0.17627,0.112924,0.0356323,2.28054e-06
7.040000000,0.244348,0.277294,0.548118,0.308751,0.127322,0.0264912,3.27797e-06
7.050666666,0.475276,2.32424,0.544882,0.379069,0.145362,0.0410202,2.3727e-06
7.061333333,4.71707,2.95335,0.213471,0.703851,0.0651305,0.0950805,2.284e-06
7.072000000,0.69076,2.15241,0.410715,0.400424,0.131997,0.0710548,2.41933e-06
7.082666666,1.47596,1.20675,0.494942,0.0398961,0.145977,0.0170988,2.32875e-06
7.093333333,3.61593,0.28861,0.472296,0.133282,0.148265,0.0117504,1.99916e-06
7.104000000,0.955064,0.579716,0.807569,0.234074,0.0927863,0.0106834,2.89476e-06
7.114666666,4.03861,1.46847,0.432832,0.180885,0.154453,0.0342032,2.35662e-06
7.125333333,4.78212,1.02612,0.0183368,0.360066,0.151177,0.121455,3.1999e-06
7.136000000,7.38657,1.32519,1.03556,0.314049,0.371998,0.0782057,3.63618e-06
7.146666666,1.36453,0.307993,0.572981,0.190558,0.0209717,0.0284432,1.36414e-06
7.157333333,0.995715,1.54456,0.44693,0.212777,0.0806713,0.0234374,1.13768e-06
7.168000000,0.640228,0.244081,0.736123,0.288972,0.111479,0.00922205,1.53307e-06
7.178666666,0.329814,1.7602,0.557679,0.150429,0.521447,0.0697443,2.46071e-06
7.189333333,2.1247,4.39024,2.54902,0.338117,0.423279,0.0460858,2.62438e-06
7.200000000,1.50452,1.06184,0.711698,0.128535,0.0724352,0.0119018,4.9758e-06
7.210666666,1.39945,0.925139,2.07109,0.882623,0.174587,0.0113672,3.64136e-06
7.221333333,4.33455,1.02075,2.17894,0.536195,0.0347983,0.00596621,3.64721e-06
7.232000000,2.18841,1.14909,0.961582,0.540859,0.0914033,0.0366031,3.1464e-06
7.242666666,1.08069,2.06182,0.672382,0.144921,0.230989,0.0374195,2.71028e-06
7.253333333,2.76163,0.216921,0.492441,0.713423,0.147057,0.0297778,3.01349e-06
7.264000000,2.77325,4.02143,1.46816,0.596636,0.0870156,0.0629117,5.14687e-06
7.274666666,0.190893,1.09837,3.05602,0.714549,0.134446,0.0160645,2.53768e-06
7.285333333,1.17938,2.01716,1.6818,0.713731,0.0124694,0.0118304,3.04222e-06
7.296000000,1.59974,0.438898,0.237528,0.255592,0.206291,0.0417748,1.93331e-06
7.306666666,2.12272,2.17421,0.147792,0.496191,0.252204,0.00410996,2.42775e-06
7.317333333,0.832476,0.801846,0.590964,0.199977,0.104777,0.0354422,2.63063e-06
7.328000000,3.35806,4.13066,1.52513,0.445815,0.26593,0.0234398,2.15454e-06
7.338666666,3.32298,1.50032,0.243863,0.25192,0.205709,0.0511279,2.74817e-06
7.349333333,2.3214,1.18432,0.563421,0.0979478,0.0526982,0.0331471,2.97824e-06
7.360000000,1.44228,2.20258,0.473214,0.317661,0.378881,0.0162635,3.12862e-06
7.370666666,3.15176,2.61799,0.867017,0.185722,0.219894,0.0144906,2.60954e-06
7.381333333,1.00383,2.10824,0.45436,0.258045,0.208395,0.0169185,2.38713e-06
7.392000000,3.42591,1.5973,0.540906,0.754392,0.165629,0.0281415,3.18038e-06
7.402666666,4.79852,1.2472,0.972789,0.327762,0.107866,0.00942956,2.78365e-06
7.413333333,1.18655,2.02559,0.84292,0.222983,0.143006,0.026096,2.30804e-06
7.424000000,2.22206,2.72749,0.204276,0.556802,0.0784633,0.0241288,2.92743e-06
7.434666666,1.56628,1.44493,0.296532,0.421982,0.131748,0.010281,1.95148e-06
7.445333333,2.91576,1.31473,0.552531,0.753849,0.18308,0.010087,3.20319e-06
7.456000000,3.15433,0.386779,1.13348,0.658958,0.1205,0.017416,3.22496e-06
7.466666666,3.01941,1.40638,0.195861,0.760995,0.273464,0.0395213,2.67288e-06
7.477333333,2.04736,0.52092,0.0877582,0.407971,0.150917,0.0430178,2.14211e-06
7.488000000,4.16974,0.95751,0.571013,0.242688,0.227509,0.0298515,8.25913e-07
7.498666666,0.169342,0.555712,0.410566,0.180521,0.189865,0.0226883,2.08385e-06
7.509333333,3.00754,1.66292,0.15506,0.372641,0.517066,0.152563,3.33265e-06
7.520000000,5.89807,0.850097,0.654665,0.564506,0.0960918,0.0354388,2.20039e-06
7.530666666,0.6209,1.76804,0.0955889,0.318596,0.0836939,0.00698451,1.66941e-06
7.541333333,2.10274,1.35976,0.839608,0.216303,0.100384,0.000970571,2.20547e-06
7.552000000,1.44372,1.52983,0.608692,0.0590955,0.150249,0.0151477,2.2247e-06
7.562666666,1.00271,1.52815,1.02548,0.100535,0.295593,0.0273225,2.05847e-06
7.573333333,2.63875,1.60802,1.69658,0.995919,1.05534,0.0392,3.20766e-06
7.584000000,1.22205,0.652515,0.511876,0.830022,0.126325,0.0107749,3.24048e-06
7.594666666,1.96288,1.04002,0.687151,0.700218,0.131034,0.00320823,2.75532e-06
7.605333333,1.8749,1.39598,0.449127,0.406015,0.193464,0.00310246,1.47252e-06
7.616000000,1.16013,0.794099,0.682763,0.705436,0.0840719,0.00791166,1.51522e-06
7.626666666,5.6779,1.03896,0.739028,0.266807,0.250885,0.00832955,1.74655e-06
7.637333333,2.19037,1.62168,0.768554,0.31986,0.16312,0.00951874,2.21159e-06
7.648000000,2.21848,0.858657,0.78287,0.338312,0.0683213,0.0197613,1.68246e-06
7.658666666,6.35823,0.566209,0.946359,0.428691,0.0495331,0.110689,1.98362e-06
7.669333333,2.41695,3.17885,1.27428,0.548883,0.463099,0.0395293,2.32847e-06
7.680000000,4.54252,1.06334,0.687962,0.231228,0.118313,0.00230694,3.57382e-06
7.690666666,5.53404,0.744037,0.228494,0.197558,0.0597455,0.00684365,1.54605e-06
7.701333333,2.99321,0.719518,0.152639,0.519663,0.119854,0.00390437,2.57905e-06
7.712000000,2.09351,4.19574,0.353425,0.754073,0.0907559,0.0179359,2.65807e-06
7.722666666,2.36203,1.92218,0.996655,0.925494,0.145594,0.108276,1.77069e-06
7.733333333,1.81772,1.67861,0.642995,0.510746,0.207559,0.0161811,2.35137e-06
7.744000000,6.71516,1.37011,0.216233,0.57989,0.109209,0.00672624,1.95878e-06
7.754666666,0.328666,1.10972,1.04296,0.13005,0.14741,0.00125868,3.01335e-06
7.765333333,5.90353,2.12718,0.43299,0.0568656,0.0399329,0.000820271,2.37727e-06
7.776000000,4.44055,1.10286,0.475419,0.23425,0.153468,0.00230071,1.25599e-06
7.786666666,6.16672,1.34319,1.29704,0.811561,0.517851,0.00535057,3.55996e-06
7.797333333,3.79599,0.980855,0.559309,0.731689,0.203297,0.0073226,3.11764e-06
7.808000000,8.75871,3.25286,0.0989319,0.410095,0.0715145,0.0108967,2.10598e-06
7.818666666,1.98753,1.97316,0.613858,0.195313,0.0582925,0.00285618,1.53241e-06
7.829333333,0.752563,1.71333,0.338262,0.259235,0.0601639,0.00108995,2.43173e-06
7.840000000,1.25401,0.391898,0.411039,0.288214,0.0426905,0.00137223,8.37925e-07
7.850666666,2.69186,0.589357,0.428367,0.277418,0.217047,0.0214285,1.84523e-06
7.861333333,2.02247,0.636408,0.727664,0.934022,0.359503,0.0975238,2.26784e-06
7.872000000,1.05292,1.81529,0.294055,0.758937,0.0710395,0.00419708,1.60447e-06
7.882666666,0.142383,0.459994,0.111041,0.224658,0.123727,0.00214723,1.0296e-06
7.893333333,2.1515,0.184165,0.274285,0.45817,0.0254417,0.00426282,3.34784e-06
7.904000000,1.40719,1.86587,0.211292,0.18091,0.0800739,0.00389013,2.07286e-06
7.914666666,1.51251,0.9807,0.73526,0.63385,0.257417,0.00242881,2.38104e-06
7.925333333,3.0771,0.363932,0.460275,0.113518,0.0570888,0.0016988,3.2977e-06
7.936000000,4.5576,2.21005,0.6759,0.149314,0.0681116,0.00501953,2.33768e-06
7.946666666,0.282139,1.16329,0.294734,0.406651,0.0997269,0.0166407,1.99615e-06
7.957333333,2.19017,0.646933,0.945383,0.270362,0.0591653,0.139885,2.44925e-06
7.968000000,8.83608,2.03812,0.528547,0.743356,0.165701,0.061449,3.26203e-06
7.978666666,1.57601,1.41344,0.305383,0.641816,0.0703236,0.0080063,2.21032e-06
7.989333333,3.89587,0.459444,0.73891,0.183732,0.0584658,0.000892746,1.97805e-06
8.000000000,2.57831,0.901543,0.567067,1.07144,0.0897413,0.000579129,1.87371e-06
8.010666666,2.08009,1.49465,0.455584,0.316008,0.0679078,0.00558626,2.42211e-06
8.021333333,5.88628,2.63863,0.636044,0.322438,0.360954,0.0998895,2.81664e-06
8.032000000,2.17703,2.72909,0.505901,0.387994,0.369512,0.0581222,2.40519e-06
8.042666666,1.4533,2.36356,0.617844,0.690957,0.174725,0.00595018,2.84536e-06
8.053333333,1.04915,1.31025,0.931626,0.557672,0.0438076,0.004755,1.55518e-06
8.064000000,1.63967,1.11002,0.989451,0.159044,0.0205756,0.00184535,2.08213e-06
8.074666666,1.21145,1.83492,0.26109,0.517838,0.0313764,0.00391547,3.26128e-06
8.085333333,2.03189,1.38446,0.145406,0.562383,0.0438798,0.00317928,2.34219e-06
8.096000000,0.0861158,4.21517,0.331206,0.0940666,0.0762263,0.0217869,3.04088e-06
8.106666666,3.17278,1.29395,0.633299,0.264129,0.764644,0.139186,2.97232e-06
8.117333333,1.3245,0.456906,0.720025,0.199303,0.0760547,0.0312506,2.97147e-06
8.128000000,1.82499,0.94917,0.450272,0.0790154,0.0919135,0.00597993,1.7083e-06
8.138666666,0.380185,0.177316,1.07274,0.17809,0.0904464,0.0186817,1.33497e-06
8.149333333,1.74088,0.916947,1.12874,0.336015,0.115891,0.0133357,2.50183e-06
8.160000000,2.44797,1.96049,0.416876,0.0679615,0.0550005,0.00539533,2.93625e-06
8.170666666,0.201811,0.834899,0.53277,0.611343,0.107312,0.00597672,2.23286e-06
8.181333333,1.28903,1.08839,0.477284,0.188894,0.236963,0.0115017,2.70073e-06
8.192000000,1.49227,1.69405,0.166411,0.613085,0.154688,0.00376921,2.75626e-06
8.202666666,2.0316,1.72042,0.311871,0.424998,0.229934,0.00385454,9.76644e-07
8.213333333,0.522021,1.35601,0.783435,0.593807,0.0470922,0.0130061,1.92396e-06
8.224000000,3.55782,2.6833,0.384265,0.338624,0.0282849,0.0215086,1.4781e-06
8.234666666,2.3827,1.76801,0.615213,0.343,0.122069,0.02735,1.96056e-06
8.245333333,1.69855,0.102444,0.197422,0.0549539,0.342876,0.00821171,1.91479e-06
8.256000000,0.934563,1.79319,0.541824,0.374511,0.301851,0.022354,1.92477e-06
8.266666666,2.60197,1.79465,0.24487,0.4126,0.140271,0.0114112,3.64234e-06
8.277333333,1.06818,0.649679,0.356876,0.300701,0.233269,0.0141729,2.13647e-06
8.288000000,0.542287,0.42272,0.270532,0.236588,0.121734,0.0138625,2.26349e-06
8.298666666,1.13831,1.7132,1.17555,0.413765,0.2193,0.0187697,1.74935e-06
8.309333333,1.92607,1.11581,0.488332,0.360765,0.169876,0.0296852,1.80125e-06
8.320000000,0.384961,1.99245,0.830765,0.416404,0.223895,0.0622713,2.58532e-06
8.330666666,0.263935,1.27229,0.23819,0.29504,0.221099,0.168921,2.91021e-06
8.341333333,3.79401,2.80695,0.337239,0.586246,0.187525,0.14687,2.3836e-06
8.352000000,1.33292,1.566,0.534308,0.291084,0.295958,0.0666089,3.6014e-06
8.362666666,1.91923,0.663794,0.644003,0.711883,0.262388,0.0258494,2.51226e-06
8.373333333,0.383745,1.59396,0.396528,0.5969,0.196661,0.0388342,3.31594e-06
8.384000000,1.01778,0.329725,0.473617,0.464021,0.128458,0.0313789,2.92051e-06
8.394666666,2.00787,0.757896,0.449836,0.549452,0.105422,0.0312433,2.3253e-06
8.405333333,0.260395,0.488781,0.75119,0.181573,0.163676,0.0206654,2.20666e-06
8.416000000,0.632715,0.7279,0.426151,0.448872,0.172619,0.0249416,2.55224e-06
8.426666666,0.400791,1.02481,0.360707,0.321796,0.0379044,0.0251639,2.2403e-06
8.437333333,4.2102,1.88908,0.18238,0.308536,0.26583,0.023073,1.76403e-06
8.448000000,1.3695,2.00965,0.256615,0.458362,0.290615,0.00682728,2.37329e-06
8.458666666,0.773793,1.98308,0.653642,0.509924,0.046404,0.0161085,1.57903e-06
8.469333333,4.4875,2.22836,0.386044,0.229259,0.238012,0.0250783,4.02044e-06
8.480000000,3.36571,1.13885,0.320971,0.218255,0.171108,0.017418,3.00026e-06
8.490666666,3.08604,0.730194,0.201935,0.276646,0.0152663,0.0117552,1.94597e-06
8.501333333,3.85323,2.50296,0.282592,0.535093,0.202495,0.0155977,1.52582e-06
8.512000000,2.07106,1.09123,0.637589,0.629849,0.0937783,0.0150887,2.57855e-06
8.522666666,2.50384,3.83748,0.447327,0.267738,0.139972,0.00935901,2.21517e-06
8.533333333,0.507203,1.11366,0.615971,0.388717,0.0772585,0.0117571,3.99277e-06
8.544000000,3.21961,0.510189,0.861543,0.383447,0.287947,0.0212,1.95362e-06
8.554666666,1.98856,2.30687,1.93214,1.08764,0.51729,0.0837748,6.66929e-06
8.565333333,2.01685,3.08039,1.55812,0.401728,0.264957,0.00806694,7.19195e-06
8.576000000,0.693226,3.32673,0.413038,0.197946,0.147198,0.034831,3.12224e-06
8.586666666,2.97989,3.06507,2.29643,0.986209,0.18515,0.0563693,4.12722e-06
8.597333333,2.58999,1.362,0.354857,0.534094,0.268189,0.0315687,3.55992e-06
8.608000000,2.45722,2.48294,1.82582,0.663974,0.147618,0.0517361,3.80116e-06
8.618666666,5.4462,1.05607,1.07235,0.340855,0.129041,0.0268066,5.28599e-06
8.629333333,2.90286,1.80863,1.12015,0.78436,0.299414,0.040421,3.55353e-06
8.640000000,2.41848,2.15254,1.18411,0.304501,0.303216,0.0259831,4.22056e-06
8.650666666,3.79934,2.77278,3.34727,0.516351,0.0966101,0.0277929,3.20484e-06
8.661333333,1.31257,1.07807,0.348968,0.762619,0.251023,0.0128492,3.10992e-06
8.672000000,2.06987,1.3345,0.458587,0.401711,0.156605,0.0186472,4.02157e-06
8.682666666,0.627113,0.579424,2.00129,0.558005,0.0151044,0.0358451,2.93424e-06
8.693333333,3.41703,2.05716,2.11227,0.324647,0.0954291,0.0182277,4.93629e-06
8.704000000,6.3258,2.0332,1.06548,0.525443,0.603045,0.0207001,2.02862e-06
8.714666666,1.28551,1.54394,0.125509,0.203077,0.175096,0.0104444,3.04255e-06
8.725333333,2.84533,0.815139,2.26832,0.513868,0.0122022,0.00339454,2.15595e-06
8.736000000,0.769551,1.17015,0.963175,0.296198,0.0789448,0.00611779,1.9164e-06
8.746666666,2.19317,0.645618,1.70457,0.259409,0.0918187,0.00989443,2.19044e-06
8.757333333,0.416202,0.934176,0.700154,0.372337,0.186502,0.00576903,2.0235e-06
8.768000000,1.32497,4.38324,1.32133,0.369476,0.161991,0.00717433,5.99884e-06
8.778666666,3.16583,7.19303,0.772951,0.280199,0.348839,0.0176438,3.21885e-06
8.789333333,0.948606,2.13104,4.24637,0.513497,0.049684,0.0156735,4.63047e-06
8.800000000,1.79341,3.57871,1.21496,0.489806,0.0246415,0.0182798,3.80338e-06
8.810666666,3.25075,0.713191,2.33707,0.587359,0.22179,0.00741795,3.58749e-06
8.821333333,1.50687,1.58963,1.30988,0.561399,0.227153,0.0141637,2.80527e-06
8.832000000,0.356282,1.50574,0.871716,0.22168,0.0534726,0.00553579,2.96741e-06
8.842666666,5.56579,1.17645,0.454144,0.361663,0.125077,0.00449429,2.76816e-06
8.853333333,2.62298,1.55122,0.922826,0.224927,0.330862,0.00170236,3.06036e-06
8.864000000,3.57975,0.950933,0.462197,0.383136,0.019371,0.00387969,2.94316e-06
8.874666666,0.102402,0.448674,1.02981,0.217784,0.15456,0.00134767,2.50959e-06
8.885333333,1.34697,0.56548,0.354487,0.0646544,0.0838853,0.00608513,2.26005e-06
8.896000000,1.371,1.89261,0.658859,0.130973,0.0665224,0.00321927,2.35824e-06
8.906666666,6.91796,0.588099,0.482593,0.412837,0.0240519,0.00400474,1.78314e-06
8.917333333,0.178952,1.84012,0.581818,0.15295,0.0837475,0.0103362,1.87083e-06
8.928000000,1.17795,1.30572,0.451834,0.417084,0.106458,0.00511436,2.05679e-06
8.938666666,0.74301,1.56897,0.599884,0.289801,0.0422641,0.00527484,1.1667e-06
8.949333333,2.16583,0.899552,0.769155,0.431947,0.134842,0.00712965,4.44794e-06
8.960000000,3.21358,0.58978,0.680522,0.344753,0.0581129,0.00618729,1.8662e-06
8.970666666,4.76276,1.11047,0.157043,0.272241,0.113867,0.00426222,2.08647e-06
8.981333333,2.49895,4.53458,0.269773,0.141475,0.114905,0.00271934,3.22523e-06
8.992000000,1.25394,1.26971,0.34231,0.312497,0.0602297,0.00498343,4.48382e-06
9.002666666,3.32389,3.02845,0.651892,0.108889,0.0375195,0.00275407,3.9872e-06
9.013333333,1.57852,3.07756,0.860683,0.719833,0.163792,0.010473,3.37263e-06
9.024000000,0.111613,1.79764,0.941092,0.332763,0.174525,0.0494253,2.28081e-06
9.034666666,2.28417,3.84397,0.844784,0.689218,0.35902,0.110883,5.0024e-06
9.045333333,2.09319,2.13637,0.0747467,0.161426,0.208166,0.0331388,4.18115e-06
9.056000000,0.984202,0.86106,1.80884,0.233759,0.126504,0.011997,3.45249e-06
9.066666666,0.0875704,1.03267,1.13172,0.22216,0.344626,0.0160106,5.56603e-06
9.077333333,2.74854,3.66057,1.21607,0.401326,0.210711,0.00936591,4.66052e-06
9.088000000,3.05395,0.349544,0.283731,0.475772,0.357126,0.00571599,3.2142e-06
9.098666666,5.529,1.89436,0.189406,0.10136,0.187772,0.0195283,1.81484e-06
9.109333333,0.597683,2.86748,0.651019,0.564329,0.116115,0.0566026,4.7949e-06
9.120000000,1.99252,4.14116,1.12786,0.305673,0.281401,0.0858156,2.75801e-06
9.130666666,1.42905,1.59022,0.869787,0.429221,0.290798,0.0230021,2.32174e-06
9.141333333,4.92525,3.37701,1.31427,0.260689,0.111205,0.0277014,3.05029e-06
9.152000000,3.54745,2.6453,0.828673,0.85955,0.224112,0.0216429,4.88466e-06
9.162666666,4.31573,1.62109,0.456614,0.336766,0.063085,0.0565608,5.19545e-06
9.173333333,2.45238,1.50078,0.541877,0.455581,0.196579,0.0828553,3.63433e-06
9.184000000,0.374552,0.564683,0.837915,0.378882,0.310103,0.0377667,2.53487e-06
9.194666666,3.1656,1.46791,0.563,0.380408,0.384673,0.0188613,1.47486e-06
9.205333333,1.99108,1.73061,0.834141,0.674816,0.111828,0.0149734,3.94183e-06
9.216000000,1.0597,1.28012,0.867751,0.659547,0.197003,0.00696724,2.12803e-06
9.226666666,1.31999,1.94082,0.382306,0.413015,0.223457,0.0879725,3.99764e-06
9.237333333,2.09204,1.32563,0.562854,0.0967712,0.269829,0.0781142,3.74161e-06
9.248000000,1.42254,0.722684,0.940942,0.400239,0.294137,0.0794543,3.47745e-06
9.258666666,2.35704,1.96372,0.583525,0.362982,0.0748002,0.0632598,4.79435e-06
9.269333333,2.76757,1.18395,0.789503,0.209995,0.253586,0.0460682,3.14145e-06
9.280000000,1.97619,1.35968,0.773011,0.234615,0.146033,0.0457116,5.00484e-06
9.290666666,3.08319,0.633449,0.383406,0.333682,0.109219,0.0560874,3.13439e-06
9.301333333,2.16476,0.787884,0.415567,0.217384,0.155585,0.0338446,3.3994e-06
9.312000000,2.26869,1.28383,0.393992,0.378797,0.129021,0.0142604,2.42656e-06
9.322666666,2.43952,0.411794,1.46631,0.0328947,0.223816,0.011103,2.11387e-06
9.333333333,1.26928,0.598933,0.988248,0.48242,0.191294,0.021021,2.52787e-06
9.344000000,0.291454,0.787859,0.699202,0.46345,0.234906,0.00769256,2.54251e-06
9.354666666,0.334714,0.543281,0.654374,0.29373,0.195795,0.0395064,2.68347e-06
9.365333333,2.6585,1.11935,1.26245,0.90193,0.146548,0.0258282,4.08933e-06
9.376000000,2.15722,0.568968,1.03149,0.193434,0.120189,0.00531413,2.31369e-06
9.386666666,1.21258,1.74277,0.410816,0.238838,0.142625,0.0158033,2.21586e-06
9.397333333,0.0483966,0.384062,0.316234,0.164169,0.070603,0.0083334,2.02733e-06
9.408000000,3.3599,0.999713,0.426254,0.158334,0.318587,0.00784276,2.5134e-06
9.418666666,0.978255,1.07635,0.310838,0.89222,0.105079,0.00820201,1.37164e-06
9.429333333,4.20185,0.682709,0.758889,0.198284,0.153927,0.0133665,2.84029e-06
9.440000000,0.542475,1.66143,0.284416,0.0661813,0.238441,0.0262081,1.92816e-06
9.450666666,1.59358,0.921303,0.463054,0.10404,0.1136,0.0316613,2.88424e-06
9.461333333,4.81023,2.02326,0.241457,0.2439,0.0896614,0.00706215,1.56566e-06
9.472000000,2.51438,0.405831,0.366979,0.354831,0.0911763,0.0376895,2.97724e-06
9.482666666,3.44569,1.70536,0.322569,0.645217,0.25731,0.066305,2.20627e-06
9.493333333,1.1125,0.678946,2.11784,0.218206,0.147466,0.20601,5.79652e-06
9.504000000,6.14199,4.55047,1.60814,0.616704,0.296424,0.151037,5.14229e-06
9.514666666,6.54128,3.33082,0.905063,0.472506,0.178767,0.0443976,3.91484e-06
9.525333333,0.702783,2.85335,0.438342,0.22365,0.177491,0.0490562,5.26029e-06
9.536000000,0.448903,1.5489,0.680368,0.333596,0.0689382,0.0329191,2.03288e-06
9.546666666,2.37413,1.76563,0.683984,0.63444,0.181732,0.0306014,2.79305e-06
9.557333333,1.62733,2.5783,0.599321,0.608339,0.312125,0.0390219,2.73329e-06
9.568000000,3.89817,1.3754,0.872284,0.417401,0.261783,0.032795,1.94403e-06
9.578666666,0.671406,0.576647,0.576618,0.317806,0.137631,0.0669086,2.75376e-06
9.589333333,0.500927,1.3725,0.915567,0.95562,0.201416,0.0428262,2.38031e-06
9.600000000,0.967402,1.15786,0.36063,0.4279,0.0881978,0.0268474,2.89228e-06
9.610666666,2.76931,0.793348,1.18588,0.441501,0.0768775,0.0314358,2.74126e-06
9.621333333,0.765135,1.09992,1.07,0.409044,0.0977854,0.0993973,2.80202e-06
9.632000000,2.14333,2.35062,1.21538,1.20344,0.157166,0.124321,2.83444e-06
9.642666666,0.718256,1.49116,1.87996,0.311415,0.197248,0.0507927,5.8795e-06
9.653333333,0.81406,1.50357,3.03274,0.583815,0.354347,0.068411,3.998e-06
9.664000000,1.474,1.0011,1.09701,0.973298,0.188805,0.0743628,3.8873e-06
9.674666666,0.501391,1.7867,2.1716,0.405335,0.0618345,0.0795493,2.51496e-06
9.685333333,3.12549,1.40738,1.38192,0.788003,0.113007,0.0148544,3.26553e-06
9.696000000,1.47538,1.28336,1.49553,0.51888,0.151631,0.0398347,3.08562e-06
9.706666666,1.4504,1.07661,0.999863,0.318776,0.0839139,0.0712021,1.8717e-06
9.717333333,2.27212,0.781764,1.17408,0.0714304,0.313083,0.0256962,2.32922e-06
9.728000000,5.54685,3.67748,0.182392,0.0809111,0.182205,0.0555525,3.10485e-06
9.738666666,0.0863529,5.05454,0.240373,0.509652,0.117156,0.0248518,5.17433e-06
9.749333333,1.31679,2.31206,2.20794,0.301451,0.101284,0.0426089,4.0819e-06
9.760000000,1.1776,0.906787,0.048629,0.523374,0.154929,0.0210606,1.82189e-06
9.770666666,0.226331,1.04196,1.13231,0.200048,0.125747,0.0169386,2.54104e-06
9.781333333,0.659069,3.91261,0.971962,0.241388,0.0333825,0.0303378,1.79868e-06
9.792000000,0.493043,1.17769,0.55235,0.172855,0.134363,0.0490145,2.44993e-06
9.802666666,0.345578,2.53454,0.769795,0.115852,0.0787915,0.00675439,1.84031e-06
9.813333333,0.196296,2.98436,0.48493,0.320058,0.0658985,0.0228737,2.2221e-06
9.824000000,0.158325,1.13699,0.1067,0.437592,0.129049,0.00863513,2.60428e-06
9.834666666,0.170734,0.235453,0.968467,0.376004,0.115079,0.0322844,1.75665e-06
9.845333333,0.779802,1.77494,1.6574,0.286394,0.167311,0.013498,2.88025e-06
9.856000000,0.207325,1.51192,1.80154,0.163921,0.153066,0.012599,1.23334e-06
9.866666666,0.213808,0.669859,0.558137,0.299999,0.20952,0.0210639,1.90868e-06
9.877333333,0.0583196,0.437715,0.136395,0.105744,0.0352056,0.0402327,3.28832e-06
9.888000000,0.189483,1.15738,2.92335,0.150079,0.134209,0.0342044,2.25594e-06
9.898666666,0.454361,1.10081,1.14607,0.220551,0.176239,0.0332922,2.57645e-06
9.909333333,0.491297,0.605916,1.21614,0.460321,0.112731,0.0836618,3.31536e-06
9.920000000,0.558053,0.820969,1.64355,0.353523,0.278787,0.0225485,1.73648e-06
9.930666666,0.0732367,1.39699,1.61935,0.557128,0.0862901,0.0269917,2.68729e-06
9.941333333,1.43508,0.375378,0.232412,0.121135,0.0870611,0.0137129,2.50236e-06
9.952000000,0.20782,1.03067,1.63622,0.103391,0.0321281,0.0727976,0.0104999
